"Type","Source","Destination","Anchor Text","Alt Text","Path Type"
"Hyperlink","https://www.f3properties.com/","https://www.f3properties.com/","","F3 Properties","Absolute"
"Hyperlink","https://www.f3properties.com/","https://www.f3properties.com/","Home","","Absolute"
"Hyperlink","https://www.f3properties.com/","https://www.f3properties.com/history/","History","","Absolute"
"Hyperlink","https://www.f3properties.com/","https://www.f3properties.com/projects/","Current Projects","","Absolute"
"Hyperlink","https://www.f3properties.com/","https://www.f3properties.com/about/","Lifestyle & Labradors","","Absolute"
"Hyperlink","https://www.f3properties.com/","https://www.f3properties.com/contact/","Contact","","Absolute"
"Hyperlink","https://www.f3properties.com/","https://www.f3properties.com/contact/","CONTACT ME","","Absolute"
"Hyperlink","https://www.f3properties.com/","https://www.f3properties.com/projects/","Learn More","","Absolute"
"Hyperlink","https://www.f3properties.com/","https://www.f3properties.com/projects/","Learn More","","Absolute"
"Hyperlink","https://www.f3properties.com/","https://www.f3properties.com/projects/","Learn More","","Absolute"
"Hyperlink","https://www.f3properties.com/","https://www.f3properties.com/projects/","Learn More","","Absolute"
"Hyperlink","https://www.f3properties.com/","https://www.f3properties.com/projects/","Learn More","","Absolute"
"JavaScript","https://www.f3properties.com/","https://www.f3properties.com/wp-includes/js/jquery/jquery.min.js?ver=3.7.1","","","Absolute"
"JavaScript","https://www.f3properties.com/","https://www.f3properties.com/wp-includes/js/jquery/jquery-migrate.min.js?ver=3.4.1","","","Absolute"
"JavaScript","https://www.f3properties.com/","https://www.f3properties.com/wp-content/themes/astra/assets/js/minified/style.min.js?ver=4.13.1","","","Absolute"
"JavaScript","https://www.f3properties.com/","https://www.f3properties.com/wp-content/uploads/bb-plugin/cache/128-layout.js?ver=8fcc60e3585ec37608f88f953775a3fe","","","Absolute"
"JavaScript","https://www.f3properties.com/","https://www.f3properties.com/wp-content/uploads/astra-addon/astra-addon-69e1b055c63bc4-16850826.js?ver=4.13.1","","","Absolute"
"JavaScript","https://www.f3properties.com/","https://www.f3properties.com/wp-content/plugins/astra-addon/assets/js/minified/purify.min.js?ver=4.13.1","","","Absolute"
"Image","https://www.f3properties.com/","https://www.f3properties.com/wp-content/uploads/2021/05/F3LogoFINALwTag_Reversed-270x63.png","","F3 Properties","Absolute"
"Image","https://www.f3properties.com/","https://www.f3properties.com/wp-content/uploads/bb-plugin/cache/30_aug_VIEW3_detail-scaled-landscape-6b16e48468d50a20bbe27ac72f27a017-f9g6py7kh5lc.jpg","","30_aug_VIEW3_detail","Absolute"
"Image","https://www.f3properties.com/","https://www.f3properties.com/wp-content/uploads/bb-plugin/cache/Sold-Indian-Creek-e1699032423882-landscape-33bcb586805e8196b52f3259de547b37-6075e01d33cb4.png","","Sold Indian Creek","Absolute"
"Image","https://www.f3properties.com/","https://www.f3properties.com/wp-content/uploads/bb-plugin/cache/Westcliff-sold-landscape-e0a936680dbd6da6e831b23adcb54db6-6064723d34309.jpg","","Westcliff-sold","Absolute"
"Image","https://www.f3properties.com/","https://www.f3properties.com/wp-content/uploads/bb-plugin/cache/Highcamp-sold-landscape-ba179cdcb7cdc551aa647b17b629d4bf-6075df281f86f.jpg","","Highcamp-sold","Absolute"
"Image","https://www.f3properties.com/","https://www.f3properties.com/wp-content/uploads/bb-plugin/cache/GoldenEagle-sold-landscape-51daea85331dfb78e2dc48606bdb83a6-60ae383c61960.jpg","","GoldenEagle-sold","Absolute"
"CSS","https://www.f3properties.com/","https://www.f3properties.com/wp-content/themes/astra/assets/css/minified/compatibility/page-builder/bb-plugin.min.css?ver=4.13.1","","","Absolute"
"CSS","https://www.f3properties.com/","https://www.f3properties.com/wp-content/themes/astra/assets/css/minified/style.min.css?ver=4.13.1","","","Absolute"
"CSS","https://www.f3properties.com/","https://fonts.googleapis.com/css?family=Montserrat%3A400%2C|Playfair+Display%3A400%2C|Poppins%3A400%2C600&display=swap&ver=4.13.1","","","Absolute"
"CSS","https://www.f3properties.com/","https://www.f3properties.com/wp-content/plugins/bb-plugin/fonts/fontawesome/5.15.4/css/all.min.css?ver=2.10.2","","","Absolute"
"CSS","https://www.f3properties.com/","https://www.f3properties.com/wp-content/plugins/bb-plugin/fonts/fontawesome/5.15.4/css/v4-shims.min.css?ver=2.10.2","","","Absolute"
"CSS","https://www.f3properties.com/","https://www.f3properties.com/wp-content/uploads/bb-plugin/cache/128-layout.css?ver=916bea4629fa8ab2f95d428093e2d515","","","Absolute"
"CSS","https://www.f3properties.com/","https://www.f3properties.com/wp-content/uploads/astra-addon/astra-addon-69e1b055c57799-53219066.css?ver=4.13.1","","","Absolute"
"HTML Canonical","https://www.f3properties.com/","https://www.f3properties.com/","","","Absolute"
"Hyperlink","https://www.f3properties.com/projects/","https://www.f3properties.com/","","F3 Properties","Absolute"
"Hyperlink","https://www.f3properties.com/projects/","https://www.f3properties.com/","Home","","Absolute"
"Hyperlink","https://www.f3properties.com/projects/","https://www.f3properties.com/history/","History","","Absolute"
"Hyperlink","https://www.f3properties.com/projects/","https://www.f3properties.com/projects/","Current Projects","","Absolute"
"Hyperlink","https://www.f3properties.com/projects/","https://www.f3properties.com/about/","Lifestyle & Labradors","","Absolute"
"Hyperlink","https://www.f3properties.com/projects/","https://www.f3properties.com/contact/","Contact","","Absolute"
"Hyperlink","https://www.f3properties.com/projects/","https://www.f3properties.com/wp-content/uploads/2024/09/41-Cooper-Renderings-Images-09-23-2024.pdf","View Project Renderings","","Absolute"
"Hyperlink","https://www.f3properties.com/projects/","https://www.f3properties.com/wp-content/uploads/2024/09/30_aug_24_finals-thumbs-scaled.jpg","View Gallery Page","","Absolute"
"Hyperlink","https://www.f3properties.com/projects/","https://www.f3properties.com/wp-content/uploads/2021/12/Lot-88-Project-Brief-Rev.-Dec.-2021.pdf","View Project Brief","","Absolute"
"Hyperlink","https://www.f3properties.com/projects/","https://www.f3properties.com/wp-content/uploads/2022/01/22_SV_Winter_F3-Properties-PROFILE-low-res-cover.pdf","View WHJ Article","","Absolute"
"Hyperlink","https://www.f3properties.com/projects/","https://www.f3properties.com/wp-content/uploads/2022/06/201-Sitting-Bull-Design-Book-Corrected-6-8-22.pdf","View Design Book","","Absolute"
"Hyperlink","https://www.f3properties.com/projects/","https://www.f3properties.com/wp-content/uploads/2022/02/Lot-88-DRONE-SHOTS.jpg","View Drone Images","","Absolute"
"Hyperlink","https://www.f3properties.com/projects/","https://www.f3properties.com/wp-content/uploads/2022/01/WHJ-F3-201-Sitting-Bull-Winter-Ad.pdf","WHJ Advertisement","","Absolute"
"Hyperlink","https://www.f3properties.com/projects/","https://www.f3properties.com/wp-content/uploads/2021/12/Lot-88-Updated-Floor-Plans-12-5-21.pdf","Renderings & Floorplans","","Absolute"
"Hyperlink","https://www.f3properties.com/projects/","https://www.f3properties.com/wp-content/uploads/2022/01/Roth-SVSourceAd-201-Sitting-Bull.pdf","Sun Valley Source Ad","","Absolute"
"JavaScript","https://www.f3properties.com/projects/","https://www.f3properties.com/wp-includes/js/jquery/jquery.min.js?ver=3.7.1","","","Absolute"
"JavaScript","https://www.f3properties.com/projects/","https://www.f3properties.com/wp-includes/js/jquery/jquery-migrate.min.js?ver=3.4.1","","","Absolute"
"JavaScript","https://www.f3properties.com/projects/","https://www.f3properties.com/wp-content/themes/astra/assets/js/minified/style.min.js?ver=4.13.1","","","Absolute"
"JavaScript","https://www.f3properties.com/projects/","https://www.f3properties.com/wp-content/plugins/bb-plugin/js/libs/jquery.easing.min.js?ver=1.4","","","Absolute"
"JavaScript","https://www.f3properties.com/projects/","https://www.f3properties.com/wp-content/plugins/bb-plugin/js/libs/jquery.fitvids.min.js?ver=1.2","","","Absolute"
"JavaScript","https://www.f3properties.com/projects/","https://www.f3properties.com/wp-content/plugins/bb-plugin/js/libs/jquery.bxslider.min.js?ver=2.10.2","","","Absolute"
"JavaScript","https://www.f3properties.com/projects/","https://www.f3properties.com/wp-content/uploads/bb-plugin/cache/129-layout.js?ver=2b6914f0ab692142076d37c2f7c4dddd","","","Absolute"
"JavaScript","https://www.f3properties.com/projects/","https://www.f3properties.com/wp-content/uploads/astra-addon/astra-addon-69e1b055c63bc4-16850826.js?ver=4.13.1","","","Absolute"
"JavaScript","https://www.f3properties.com/projects/","https://www.f3properties.com/wp-content/plugins/astra-addon/assets/js/minified/purify.min.js?ver=4.13.1","","","Absolute"
"Image","https://www.f3properties.com/projects/","https://www.f3properties.com/wp-content/uploads/2021/05/F3LogoFINALwTag_Reversed-270x63.png","","F3 Properties","Absolute"
"Image","https://www.f3properties.com/projects/","https://www.f3properties.com/wp-content/uploads/bb-plugin/cache/30_aug_VIEW3_detail-scaled-landscape-6b16e48468d50a20bbe27ac72f27a017-8sbzcrdqa0ft.jpg","","30_aug_VIEW3_detail","Absolute"
"Image","https://www.f3properties.com/projects/","https://www.f3properties.com/wp-content/uploads/bb-plugin/cache/201sitingbull_NEW-landscape-f1beea95cf41397c17078dd13ee66ce1-6075e52370993.png","","201sitingbull_NEW","Absolute"
"Image","https://www.f3properties.com/projects/","https://www.f3properties.com/wp-content/uploads/bb-plugin/cache/Westcliff-sold-landscape-e0a936680dbd6da6e831b23adcb54db6-6075e007183ee.jpg","","Westcliff-sold","Absolute"
"Image","https://www.f3properties.com/projects/","https://www.f3properties.com/wp-content/uploads/bb-plugin/cache/GoldenEagle-sold-landscape-51daea85331dfb78e2dc48606bdb83a6-6075e0a72941a.jpg","","GoldenEagle-sold","Absolute"
"Image","https://www.f3properties.com/projects/","https://www.f3properties.com/wp-content/uploads/bb-plugin/cache/Highcamp-sold-landscape-ba179cdcb7cdc551aa647b17b629d4bf-6075e0dc29cc4.jpg","","Highcamp-sold","Absolute"
"CSS","https://www.f3properties.com/projects/","https://www.f3properties.com/wp-content/themes/astra/assets/css/minified/compatibility/page-builder/bb-plugin.min.css?ver=4.13.1","","","Absolute"
"CSS","https://www.f3properties.com/projects/","https://www.f3properties.com/wp-content/themes/astra/assets/css/minified/style.min.css?ver=4.13.1","","","Absolute"
"CSS","https://www.f3properties.com/projects/","https://fonts.googleapis.com/css?family=Montserrat%3A400%2C|Playfair+Display%3A400%2C|Poppins%3A400%2C600&display=swap&ver=4.13.1","","","Absolute"
"CSS","https://www.f3properties.com/projects/","https://www.f3properties.com/wp-content/plugins/bb-plugin/fonts/fontawesome/5.15.4/css/all.min.css?ver=2.10.2","","","Absolute"
"CSS","https://www.f3properties.com/projects/","https://www.f3properties.com/wp-content/plugins/bb-plugin/fonts/fontawesome/5.15.4/css/v4-shims.min.css?ver=2.10.2","","","Absolute"
"CSS","https://www.f3properties.com/projects/","https://www.f3properties.com/wp-content/uploads/bb-plugin/icons/ultimate-icons/style.css?ver=2.10.2","","","Absolute"
"CSS","https://www.f3properties.com/projects/","https://www.f3properties.com/wp-content/plugins/bb-plugin/css/jquery.bxslider.css?ver=2.10.2","","","Absolute"
"CSS","https://www.f3properties.com/projects/","https://www.f3properties.com/wp-content/uploads/bb-plugin/cache/129-layout.css?ver=ef59d784135bfe5bce0d1f50504f3837","","","Absolute"
"CSS","https://www.f3properties.com/projects/","https://www.f3properties.com/wp-content/uploads/astra-addon/astra-addon-69e1b055c57799-53219066.css?ver=4.13.1","","","Absolute"
"HTML Canonical","https://www.f3properties.com/projects/","https://www.f3properties.com/projects/","","","Absolute"
"Hyperlink","https://www.f3properties.com/contact/","https://www.f3properties.com/","","F3 Properties","Absolute"
"Hyperlink","https://www.f3properties.com/contact/","https://www.f3properties.com/","Home","","Absolute"
"Hyperlink","https://www.f3properties.com/contact/","https://www.f3properties.com/history/","History","","Absolute"
"Hyperlink","https://www.f3properties.com/contact/","https://www.f3properties.com/projects/","Current Projects","","Absolute"
"Hyperlink","https://www.f3properties.com/contact/","https://www.f3properties.com/about/","Lifestyle & Labradors","","Absolute"
"Hyperlink","https://www.f3properties.com/contact/","https://www.f3properties.com/contact/","Contact","","Absolute"
"JavaScript","https://www.f3properties.com/contact/","https://www.f3properties.com/wp-includes/js/jquery/jquery.min.js?ver=3.7.1","","","Absolute"
"JavaScript","https://www.f3properties.com/contact/","https://www.f3properties.com/wp-includes/js/jquery/jquery-migrate.min.js?ver=3.4.1","","","Absolute"
"JavaScript","https://www.f3properties.com/contact/","https://www.f3properties.com/wp-content/themes/astra/assets/js/minified/style.min.js?ver=4.13.1","","","Absolute"
"JavaScript","https://www.f3properties.com/contact/","https://www.f3properties.com/wp-content/uploads/bb-plugin/cache/18-layout.js?ver=0e785a794391bca8f82a24a5cbbb928e","","","Absolute"
"JavaScript","https://www.f3properties.com/contact/","https://www.f3properties.com/wp-content/uploads/astra-addon/astra-addon-69e1b055c63bc4-16850826.js?ver=4.13.1","","","Absolute"
"JavaScript","https://www.f3properties.com/contact/","https://www.f3properties.com/wp-content/plugins/astra-addon/assets/js/minified/purify.min.js?ver=4.13.1","","","Absolute"
"Image","https://www.f3properties.com/contact/","https://www.f3properties.com/wp-content/uploads/2021/05/F3LogoFINALwTag_Reversed-270x63.png","","F3 Properties","Absolute"
"CSS","https://www.f3properties.com/contact/","https://www.f3properties.com/wp-content/themes/astra/assets/css/minified/compatibility/page-builder/bb-plugin.min.css?ver=4.13.1","","","Absolute"
"CSS","https://www.f3properties.com/contact/","https://www.f3properties.com/wp-content/themes/astra/assets/css/minified/style.min.css?ver=4.13.1","","","Absolute"
"CSS","https://www.f3properties.com/contact/","https://fonts.googleapis.com/css?family=Montserrat%3A400%2C|Playfair+Display%3A400%2C|Poppins%3A400%2C600&display=swap&ver=4.13.1","","","Absolute"
"CSS","https://www.f3properties.com/contact/","https://www.f3properties.com/wp-content/uploads/bb-plugin/cache/18-layout.css?ver=bdfb12bb179badb1192d1e62dc0a204e","","","Absolute"
"CSS","https://www.f3properties.com/contact/","https://www.f3properties.com/wp-content/uploads/astra-addon/astra-addon-69e1b055c57799-53219066.css?ver=4.13.1","","","Absolute"
"HTML Canonical","https://www.f3properties.com/contact/","https://www.f3properties.com/contact/","","","Absolute"
"Hyperlink","https://www.f3properties.com/history/","https://www.f3properties.com/","","F3 Properties","Absolute"
"Hyperlink","https://www.f3properties.com/history/","https://www.f3properties.com/","Home","","Absolute"
"Hyperlink","https://www.f3properties.com/history/","https://www.f3properties.com/history/","History","","Absolute"
"Hyperlink","https://www.f3properties.com/history/","https://www.f3properties.com/projects/","Current Projects","","Absolute"
"Hyperlink","https://www.f3properties.com/history/","https://www.f3properties.com/about/","Lifestyle & Labradors","","Absolute"
"Hyperlink","https://www.f3properties.com/history/","https://www.f3properties.com/contact/","Contact","","Absolute"
"Hyperlink","https://www.f3properties.com/history/","https://www.f3properties.com/projects/","See our current projects","","Absolute"
"JavaScript","https://www.f3properties.com/history/","https://www.f3properties.com/wp-includes/js/jquery/jquery.min.js?ver=3.7.1","","","Absolute"
"JavaScript","https://www.f3properties.com/history/","https://www.f3properties.com/wp-includes/js/jquery/jquery-migrate.min.js?ver=3.4.1","","","Absolute"
"JavaScript","https://www.f3properties.com/history/","https://www.f3properties.com/wp-content/themes/astra/assets/js/minified/style.min.js?ver=4.13.1","","","Absolute"
"JavaScript","https://www.f3properties.com/history/","https://www.f3properties.com/wp-content/plugins/bb-plugin/js/libs/jquery.easing.min.js?ver=1.4","","","Absolute"
"JavaScript","https://www.f3properties.com/history/","https://www.f3properties.com/wp-content/plugins/bb-plugin/js/libs/jquery.fitvids.min.js?ver=1.2","","","Absolute"
"JavaScript","https://www.f3properties.com/history/","https://www.f3properties.com/wp-content/plugins/bb-plugin/js/libs/jquery.bxslider.min.js?ver=2.10.2","","","Absolute"
"JavaScript","https://www.f3properties.com/history/","https://www.f3properties.com/wp-content/uploads/bb-plugin/cache/238-layout.js?ver=c1a4ce84dfde456457a8c677e0273769","","","Absolute"
"JavaScript","https://www.f3properties.com/history/","https://www.f3properties.com/wp-content/uploads/astra-addon/astra-addon-69e1b055c63bc4-16850826.js?ver=4.13.1","","","Absolute"
"JavaScript","https://www.f3properties.com/history/","https://www.f3properties.com/wp-content/plugins/astra-addon/assets/js/minified/purify.min.js?ver=4.13.1","","","Absolute"
"Image","https://www.f3properties.com/history/","https://www.f3properties.com/wp-content/uploads/2021/05/F3LogoFINALwTag_Reversed-270x63.png","","F3 Properties","Absolute"
"Image","https://www.f3properties.com/history/","https://www.f3properties.com/wp-content/uploads/2021/03/JasonRoth_portriat.jpg","","JasonRoth_portriat","Absolute"
"Image","https://www.f3properties.com/history/","https://www.f3properties.com/wp-content/uploads/2021/05/Raven-PrayingQuote-scaled-1.jpg","","Raven-PrayingQuote","Absolute"
"CSS","https://www.f3properties.com/history/","https://www.f3properties.com/wp-content/themes/astra/assets/css/minified/compatibility/page-builder/bb-plugin.min.css?ver=4.13.1","","","Absolute"
"CSS","https://www.f3properties.com/history/","https://www.f3properties.com/wp-content/themes/astra/assets/css/minified/style.min.css?ver=4.13.1","","","Absolute"
"CSS","https://www.f3properties.com/history/","https://fonts.googleapis.com/css?family=Montserrat%3A400%2C|Playfair+Display%3A400%2C|Poppins%3A400%2C600&display=swap&ver=4.13.1","","","Absolute"
"CSS","https://www.f3properties.com/history/","https://www.f3properties.com/wp-content/uploads/bb-plugin/icons/ultimate-icons/style.css?ver=2.10.2","","","Absolute"
"CSS","https://www.f3properties.com/history/","https://www.f3properties.com/wp-content/plugins/bb-plugin/fonts/fontawesome/5.15.4/css/all.min.css?ver=2.10.2","","","Absolute"
"CSS","https://www.f3properties.com/history/","https://www.f3properties.com/wp-content/plugins/bb-plugin/css/jquery.bxslider.css?ver=2.10.2","","","Absolute"
"CSS","https://www.f3properties.com/history/","https://www.f3properties.com/wp-content/uploads/bb-plugin/cache/238-layout.css?ver=e7d7d702778912e400cff50f50e06c4c","","","Absolute"
"CSS","https://www.f3properties.com/history/","https://www.f3properties.com/wp-content/uploads/astra-addon/astra-addon-69e1b055c57799-53219066.css?ver=4.13.1","","","Absolute"
"HTML Canonical","https://www.f3properties.com/history/","https://www.f3properties.com/history/","","","Absolute"
"Hyperlink","https://www.f3properties.com/about/","https://www.f3properties.com/","","F3 Properties","Absolute"
"Hyperlink","https://www.f3properties.com/about/","https://www.f3properties.com/","Home","","Absolute"
"Hyperlink","https://www.f3properties.com/about/","https://www.f3properties.com/history/","History","","Absolute"
"Hyperlink","https://www.f3properties.com/about/","https://www.f3properties.com/projects/","Current Projects","","Absolute"
"Hyperlink","https://www.f3properties.com/about/","https://www.f3properties.com/about/","Lifestyle & Labradors","","Absolute"
"Hyperlink","https://www.f3properties.com/about/","https://www.f3properties.com/contact/","Contact","","Absolute"
"Hyperlink","https://www.f3properties.com/about/","https://www.f3properties.com/wp-content/uploads/2021/03/AshlynLady-1024x683.jpg","","Ashelynn & Lady","Absolute"
"Hyperlink","https://www.f3properties.com/about/","https://www.f3properties.com/wp-content/uploads/2021/03/ravenpheasants-1024x683.jpg","","Raven & His Pheasants (South Dakota)","Absolute"
"Hyperlink","https://www.f3properties.com/about/","https://www.f3properties.com/wp-content/uploads/2021/03/Memorial-1024x683.jpg","","The Sacred Dog Tree","Absolute"
"Hyperlink","https://www.f3properties.com/about/","https://www.f3properties.com/wp-content/uploads/2021/03/Tana_LastHunt-1024x683.jpg","","Tana's Final Hunt","Absolute"
"Hyperlink","https://www.f3properties.com/about/","https://www.f3properties.com/wp-content/uploads/2021/03/KittyBlues-1024x683.jpg","","Kitty-Grouse Hunting at 12","Absolute"
"Hyperlink","https://www.f3properties.com/about/","https://www.f3properties.com/wp-content/uploads/2021/03/kittyNfall-1024x683.jpg","","Kitty at 3","Absolute"
"Hyperlink","https://www.f3properties.com/about/","https://www.f3properties.com/wp-content/uploads/2021/03/cash-1024x683.jpg","","Cash-Starting Early","Absolute"
"Hyperlink","https://www.f3properties.com/about/","https://www.f3properties.com/wp-content/uploads/2021/03/KittyOcean-1024x683.jpg","","Kitty-On Her Toes","Absolute"
"Hyperlink","https://www.f3properties.com/about/","https://www.f3properties.com/wp-content/uploads/2021/05/Snackbar.jpg","","Snackbar Airing It Out","Absolute"
"Hyperlink","https://www.f3properties.com/about/","https://www.f3properties.com/wp-content/uploads/2021/05/GoJumpInaLake.jpg","","Go Jump In a Lake","Absolute"
"Hyperlink","https://www.f3properties.com/about/","https://www.f3properties.com/wp-content/uploads/2021/05/Mally.jpg","","Mally","Absolute"
"Hyperlink","https://www.f3properties.com/about/","https://www.f3properties.com/wp-content/uploads/2021/05/Quinn-HenrysLake.jpg","","Quinn-Henry's Lake","Absolute"
"Hyperlink","https://www.f3properties.com/about/","https://www.f3properties.com/wp-content/uploads/2021/05/Pot-of-Gold.jpg","","Pot of Gold","Absolute"
"Hyperlink","https://www.f3properties.com/about/","https://www.f3properties.com/wp-content/uploads/2021/05/JR-Striped-Marlin.jpg","","JR Striped Marlin","Absolute"
"Hyperlink","https://www.f3properties.com/about/","https://www.f3properties.com/wp-content/uploads/2021/05/QuinnTana-SouthDaktoa.jpg","","Quinn & Tana - South Dakota","Absolute"
"Hyperlink","https://www.f3properties.com/about/","https://www.f3properties.com/wp-content/uploads/2021/05/Grandma.jpg","","Grandma","Absolute"
"Hyperlink","https://www.f3properties.com/about/","https://www.f3properties.com/wp-content/uploads/2021/11/RavenAndHisBlankey-1024x768.jpg","","Raven & His Blanket","Absolute"
"Hyperlink","https://www.f3properties.com/about/","https://www.f3properties.com/wp-content/uploads/2021/11/Raven-Bandana-735x1024.jpg","","Raven-Bandana","Absolute"
"JavaScript","https://www.f3properties.com/about/","https://www.f3properties.com/wp-includes/js/jquery/jquery.min.js?ver=3.7.1","","","Absolute"
"JavaScript","https://www.f3properties.com/about/","https://www.f3properties.com/wp-includes/js/jquery/jquery-migrate.min.js?ver=3.4.1","","","Absolute"
"JavaScript","https://www.f3properties.com/about/","https://www.f3properties.com/wp-content/themes/astra/assets/js/minified/style.min.js?ver=4.13.1","","","Absolute"
"JavaScript","https://www.f3properties.com/about/","https://www.f3properties.com/wp-content/plugins/bb-plugin/js/libs/jquery.wookmark.min.js?ver=2.10.2","","","Absolute"
"JavaScript","https://www.f3properties.com/about/","https://www.f3properties.com/wp-content/plugins/bb-plugin/js/libs/jquery.mosaicflow.min.js?ver=2.10.2","","","Absolute"
"JavaScript","https://www.f3properties.com/about/","https://www.f3properties.com/wp-content/plugins/bb-plugin/js/libs/jquery.imagesloaded.min.js?ver=2.10.2","","","Absolute"
"JavaScript","https://www.f3properties.com/about/","https://www.f3properties.com/wp-content/plugins/bb-plugin/js/libs/jquery.magnificpopup.min.js?ver=2.10.2","","","Absolute"
"JavaScript","https://www.f3properties.com/about/","https://www.f3properties.com/wp-content/uploads/bb-plugin/cache/250-layout.js?ver=892e4a312b3ad08b088188b308d54378","","","Absolute"
"JavaScript","https://www.f3properties.com/about/","https://www.f3properties.com/wp-content/uploads/astra-addon/astra-addon-69e1b055c63bc4-16850826.js?ver=4.13.1","","","Absolute"
"JavaScript","https://www.f3properties.com/about/","https://www.f3properties.com/wp-content/plugins/astra-addon/assets/js/minified/purify.min.js?ver=4.13.1","","","Absolute"
"Image","https://www.f3properties.com/about/","https://www.f3properties.com/wp-content/uploads/2021/05/F3LogoFINALwTag_Reversed-270x63.png","","F3 Properties","Absolute"
"Image","https://www.f3properties.com/about/","https://www.f3properties.com/wp-content/uploads/bb-plugin/cache/JasonRoth_portriat-portrait-811b01acc70329134695b4be067e600e-60a692a15f1d9.jpg","","JasonRoth_portriat","Absolute"
"Image","https://www.f3properties.com/about/","https://www.f3properties.com/wp-content/uploads/2021/03/AshlynLady-150x150.jpg","","Ashelynn & Lady","Absolute"
"Image","https://www.f3properties.com/about/","https://www.f3properties.com/wp-content/uploads/2021/03/ravenpheasants-150x150.jpg","","Raven & His Pheasants (South Dakota)","Absolute"
"Image","https://www.f3properties.com/about/","https://www.f3properties.com/wp-content/uploads/2021/03/Memorial-150x150.jpg","","The Sacred Dog Tree","Absolute"
"Image","https://www.f3properties.com/about/","https://www.f3properties.com/wp-content/uploads/2021/03/Tana_LastHunt-150x150.jpg","","Tana's Final Hunt","Absolute"
"Image","https://www.f3properties.com/about/","https://www.f3properties.com/wp-content/uploads/2021/03/KittyBlues-150x150.jpg","","Kitty-Grouse Hunting at 12","Absolute"
"Image","https://www.f3properties.com/about/","https://www.f3properties.com/wp-content/uploads/2021/03/kittyNfall-150x150.jpg","","Kitty at 3","Absolute"
"Image","https://www.f3properties.com/about/","https://www.f3properties.com/wp-content/uploads/2021/03/cash-150x150.jpg","","Cash-Starting Early","Absolute"
"Image","https://www.f3properties.com/about/","https://www.f3properties.com/wp-content/uploads/2021/03/KittyOcean-150x150.jpg","","Kitty-On Her Toes","Absolute"
"Image","https://www.f3properties.com/about/","https://www.f3properties.com/wp-content/uploads/2021/05/Snackbar-150x150.jpg","","Snackbar Airing It Out","Absolute"
"Image","https://www.f3properties.com/about/","https://www.f3properties.com/wp-content/uploads/2021/05/GoJumpInaLake-150x150.jpg","","Go Jump In a Lake","Absolute"
"Image","https://www.f3properties.com/about/","https://www.f3properties.com/wp-content/uploads/2021/05/Mally-150x150.jpg","","Mally","Absolute"
"Image","https://www.f3properties.com/about/","https://www.f3properties.com/wp-content/uploads/2021/05/Quinn-HenrysLake-150x150.jpg","","Quinn-Henry's Lake","Absolute"
"Image","https://www.f3properties.com/about/","https://www.f3properties.com/wp-content/uploads/2021/05/Pot-of-Gold-150x150.jpg","","Pot of Gold","Absolute"
"Image","https://www.f3properties.com/about/","https://www.f3properties.com/wp-content/uploads/2021/05/JR-Striped-Marlin-150x150.jpg","","JR Striped Marlin","Absolute"
"Image","https://www.f3properties.com/about/","https://www.f3properties.com/wp-content/uploads/2021/05/QuinnTana-SouthDaktoa-150x150.jpg","","Quinn & Tana - South Dakota","Absolute"
"Image","https://www.f3properties.com/about/","https://www.f3properties.com/wp-content/uploads/2021/05/Grandma-150x150.jpg","","Grandma","Absolute"
"Image","https://www.f3properties.com/about/","https://www.f3properties.com/wp-content/uploads/2021/11/RavenAndHisBlankey-150x150.jpg","","Raven & His Blanket","Absolute"
"Image","https://www.f3properties.com/about/","https://www.f3properties.com/wp-content/uploads/2021/11/Raven-Bandana-150x150.jpg","","Raven-Bandana","Absolute"
"CSS","https://www.f3properties.com/about/","https://www.f3properties.com/wp-content/themes/astra/assets/css/minified/compatibility/page-builder/bb-plugin.min.css?ver=4.13.1","","","Absolute"
"CSS","https://www.f3properties.com/about/","https://www.f3properties.com/wp-content/themes/astra/assets/css/minified/style.min.css?ver=4.13.1","","","Absolute"
"CSS","https://www.f3properties.com/about/","https://fonts.googleapis.com/css?family=Montserrat%3A400%2C|Playfair+Display%3A400%2C|Poppins%3A400%2C600&display=swap&ver=4.13.1","","","Absolute"
"CSS","https://www.f3properties.com/about/","https://www.f3properties.com/wp-content/plugins/bb-plugin/css/jquery.magnificpopup.min.css?ver=2.10.2","","","Absolute"
"CSS","https://www.f3properties.com/about/","https://www.f3properties.com/wp-content/uploads/bb-plugin/cache/250-layout.css?ver=1071a55a3e1659f9465ed93e1d6b4b30","","","Absolute"
"CSS","https://www.f3properties.com/about/","https://www.f3properties.com/wp-content/uploads/astra-addon/astra-addon-69e1b055c57799-53219066.css?ver=4.13.1","","","Absolute"
"HTML Canonical","https://www.f3properties.com/about/","https://www.f3properties.com/about/","","","Absolute"
