"Type","Source","Destination","Size (Bytes)","Alt Text","Anchor","Status Code","Status","Follow","Target","Rel","Path Type","Link Path","Link Position","Link Origin","Real Dimensions","Dimensions in Attributes","Display Dimensions","Incorrectly Sized Images Potential Savings (bytes)"
"Image","https://www.f3properties.com/","https://www.f3properties.com/wp-content/uploads/bb-plugin/cache/GoldenEagle-sold-landscape-51daea85331dfb78e2dc48606bdb83a6-60ae383c61960.jpg","333893","GoldenEagle-sold","","200","OK","true","","","Absolute","//body/div/div/div/div/main/article/div/div[1]/div[3]/div/div/div[9]/div[2]/div/div[1]/div/div/div/img","Content","HTML","","1920x1344","","0"
"Image","https://www.f3properties.com/","https://www.f3properties.com/wp-content/uploads/bb-plugin/cache/30_aug_VIEW3_detail-scaled-landscape-6b16e48468d50a20bbe27ac72f27a017-f9g6py7kh5lc.jpg","1328271","30_aug_VIEW3_detail","","200","OK","true","","","Absolute","//body/div/div/div/div/main/article/div/div[1]/div[3]/div/div/div[2]/div/div/div[1]/div[2]/div/div/div/div/div/img","Content","HTML","","2560x1885","","0"
"Image","https://www.f3properties.com/","https://www.f3properties.com/wp-content/uploads/2021/05/F3LogoFINALwTag_Reversed-270x63.png","9851","F3 Properties","","200","OK","true","","","Absolute","//body/div/header/div/div/div/div/div[@class='site-branding']/div/span/a/img","Header","HTML","","270x63","","0"
"Image","https://www.f3properties.com/projects/","https://www.f3properties.com/wp-content/uploads/2021/05/F3LogoFINALwTag_Reversed-270x63.png","9851","F3 Properties","","200","OK","true","","","Absolute","//body/div/header/div/div/div/div/div[@class='site-branding']/div/span/a/img","Header","HTML","","270x63","","0"
"Image","https://www.f3properties.com/contact/","https://www.f3properties.com/wp-content/uploads/2021/05/F3LogoFINALwTag_Reversed-270x63.png","9851","F3 Properties","","200","OK","true","","","Absolute","//body/div/header/div/div/div/div/div[@class='site-branding']/div/span/a/img","Header","HTML","","270x63","","0"
"Image","https://www.f3properties.com/history/","https://www.f3properties.com/wp-content/uploads/2021/05/F3LogoFINALwTag_Reversed-270x63.png","9851","F3 Properties","","200","OK","true","","","Absolute","//body/div/header/div/div/div/div/div[@class='site-branding']/div/span/a/img","Header","HTML","","270x63","","0"
"Image","https://www.f3properties.com/about/","https://www.f3properties.com/wp-content/uploads/2021/05/F3LogoFINALwTag_Reversed-270x63.png","9851","F3 Properties","","200","OK","true","","","Absolute","//body/div/header/div/div/div/div/div[@class='site-branding']/div/span/a/img","Header","HTML","","270x63","","0"
"Image","https://www.f3properties.com/","https://www.f3properties.com/wp-content/uploads/bb-plugin/cache/Sold-Indian-Creek-e1699032423882-landscape-33bcb586805e8196b52f3259de547b37-6075e01d33cb4.png","172623","Sold Indian Creek","","200","OK","true","","","Absolute","//body/div/div/div/div/main/article/div/div[1]/div[3]/div/div/div[3]/div[2]/div/div/div/div/div/img","Content","HTML","","530x322","","0"
"Image","https://www.f3properties.com/","https://www.f3properties.com/wp-content/uploads/bb-plugin/cache/Westcliff-sold-landscape-e0a936680dbd6da6e831b23adcb54db6-6064723d34309.jpg","309164","Westcliff-sold","","200","OK","true","","","Absolute","//body/div/div/div/div/main/article/div/div[1]/div[3]/div/div/div[5]/div[2]/div/div/div/div/div/img","Content","HTML","","1920x1344","","0"
"Image","https://www.f3properties.com/","https://www.f3properties.com/wp-content/uploads/bb-plugin/cache/Highcamp-sold-landscape-ba179cdcb7cdc551aa647b17b629d4bf-6075df281f86f.jpg","282078","Highcamp-sold","","200","OK","true","","","Absolute","//body/div/div/div/div/main/article/div/div[1]/div[3]/div/div/div[7]/div[2]/div/div/div/div/div/img","Content","HTML","","1920x1344","","0"
"Image","https://www.f3properties.com/about/","https://www.f3properties.com/wp-content/uploads/2021/03/Memorial-150x150.jpg","25361","The Sacred Dog Tree","","200","OK","true","","","Absolute","//body/div/div/div/div/main/article/div/div[1]/div[4]/div/div/div/div/div/div/div/div/div[@class='fl-gallery-item'][3]/div/div[1]/a/img","Content","HTML","","150x150","","0"
"Hyperlink","https://www.f3properties.com/about/","https://www.f3properties.com/wp-content/uploads/2021/11/Raven-Bandana-735x1024.jpg","219673","Raven-Bandana","","200","OK","true","_self","","Absolute","//body/div/div/div/div/main/article/div/div[1]/div[4]/div/div/div/div/div/div/div/div/div[@class='fl-gallery-item'][18]/div/div[1]/a","Content","HTML","","","","0"
"Image","https://www.f3properties.com/about/","https://www.f3properties.com/wp-content/uploads/bb-plugin/cache/JasonRoth_portriat-portrait-811b01acc70329134695b4be067e600e-60a692a15f1d9.jpg","134515","JasonRoth_portriat","","200","OK","true","","","Absolute","//body/div/div/div/div/main/article/div/div[1]/div[2]/div/div/div/div/div/div[2]/div[2]/div/div/div/div/div/img","Content","HTML","","1600x1065","","0"
"Hyperlink","https://www.f3properties.com/about/","https://www.f3properties.com/wp-content/uploads/2021/03/Memorial-1024x683.jpg","261253","The Sacred Dog Tree","","200","OK","true","_self","","Absolute","//body/div/div/div/div/main/article/div/div[1]/div[4]/div/div/div/div/div/div/div/div/div[@class='fl-gallery-item'][3]/div/div[1]/a","Content","HTML","","","","0"
"Hyperlink","https://www.f3properties.com/about/","https://www.f3properties.com/wp-content/uploads/2021/03/Tana_LastHunt-1024x683.jpg","98509","Tana's Final Hunt","","200","OK","true","_self","","Absolute","//body/div/div/div/div/main/article/div/div[1]/div[4]/div/div/div/div/div/div/div/div/div[@class='fl-gallery-item'][4]/div/div[1]/a","Content","HTML","","","","0"
"Image","https://www.f3properties.com/about/","https://www.f3properties.com/wp-content/uploads/2021/03/Tana_LastHunt-150x150.jpg","20348","Tana's Final Hunt","","200","OK","true","","","Absolute","//body/div/div/div/div/main/article/div/div[1]/div[4]/div/div/div/div/div/div/div/div/div[@class='fl-gallery-item'][4]/div/div[1]/a/img","Content","HTML","","150x150","","0"
"Image","https://www.f3properties.com/about/","https://www.f3properties.com/wp-content/uploads/2021/05/Mally-150x150.jpg","20864","Mally","","200","OK","true","","","Absolute","//body/div/div/div/div/main/article/div/div[1]/div[4]/div/div/div/div/div/div/div/div/div[@class='fl-gallery-item'][11]/div/div[1]/a/img","Content","HTML","","150x150","","0"
"Image","https://www.f3properties.com/about/","https://www.f3properties.com/wp-content/uploads/2021/05/Snackbar-150x150.jpg","14863","Snackbar Airing It Out","","200","OK","true","","","Absolute","//body/div/div/div/div/main/article/div/div[1]/div[4]/div/div/div/div/div/div/div/div/div[@class='fl-gallery-item'][9]/div/div[1]/a/img","Content","HTML","","150x150","","0"
"Hyperlink","https://www.f3properties.com/about/","https://www.f3properties.com/wp-content/uploads/2021/03/KittyOcean-1024x683.jpg","76474","Kitty-On Her Toes","","200","OK","true","_self","","Absolute","//body/div/div/div/div/main/article/div/div[1]/div[4]/div/div/div/div/div/div/div/div/div[@class='fl-gallery-item'][8]/div/div[1]/a","Content","HTML","","","","0"
"Hyperlink","https://www.f3properties.com/about/","https://www.f3properties.com/wp-content/uploads/2021/05/Pot-of-Gold.jpg","77516","Pot of Gold","","200","OK","true","_self","","Absolute","//body/div/div/div/div/main/article/div/div[1]/div[4]/div/div/div/div/div/div/div/div/div[@class='fl-gallery-item'][13]/div/div[1]/a","Content","HTML","","","","0"
"Hyperlink","https://www.f3properties.com/about/","https://www.f3properties.com/wp-content/uploads/2021/03/ravenpheasants-1024x683.jpg","209668","Raven & His Pheasants (South Dakota)","","200","OK","true","_self","","Absolute","//body/div/div/div/div/main/article/div/div[1]/div[4]/div/div/div/div/div/div/div/div/div[@class='fl-gallery-item'][2]/div/div[1]/a","Content","HTML","","","","0"
"Hyperlink","https://www.f3properties.com/about/","https://www.f3properties.com/wp-content/uploads/2021/05/QuinnTana-SouthDaktoa.jpg","93246","Quinn & Tana - South Dakota","","200","OK","true","_self","","Absolute","//body/div/div/div/div/main/article/div/div[1]/div[4]/div/div/div/div/div/div/div/div/div[@class='fl-gallery-item'][15]/div/div[1]/a","Content","HTML","","","","0"
"Hyperlink","https://www.f3properties.com/about/","https://www.f3properties.com/wp-content/uploads/2021/05/Mally.jpg","84606","Mally","","200","OK","true","_self","","Absolute","//body/div/div/div/div/main/article/div/div[1]/div[4]/div/div/div/div/div/div/div/div/div[@class='fl-gallery-item'][11]/div/div[1]/a","Content","HTML","","","","0"
"Hyperlink","https://www.f3properties.com/about/","https://www.f3properties.com/wp-content/uploads/2021/05/JR-Striped-Marlin.jpg","88810","JR Striped Marlin","","200","OK","true","_self","","Absolute","//body/div/div/div/div/main/article/div/div[1]/div[4]/div/div/div/div/div/div/div/div/div[@class='fl-gallery-item'][14]/div/div[1]/a","Content","HTML","","","","0"
"Hyperlink","https://www.f3properties.com/about/","https://www.f3properties.com/wp-content/uploads/2021/03/KittyBlues-1024x683.jpg","275007","Kitty-Grouse Hunting at 12","","200","OK","true","_self","","Absolute","//body/div/div/div/div/main/article/div/div[1]/div[4]/div/div/div/div/div/div/div/div/div[@class='fl-gallery-item'][5]/div/div[1]/a","Content","HTML","","","","0"
"Image","https://www.f3properties.com/about/","https://www.f3properties.com/wp-content/uploads/2021/03/AshlynLady-150x150.jpg","20881","Ashelynn & Lady","","200","OK","true","","","Absolute","//body/div/div/div/div/main/article/div/div[1]/div[4]/div/div/div/div/div/div/div/div/div[@class='fl-gallery-item'][1]/div/div[1]/a/img","Content","HTML","","150x150","","0"
"Image","https://www.f3properties.com/about/","https://www.f3properties.com/wp-content/uploads/2021/03/KittyOcean-150x150.jpg","13985","Kitty-On Her Toes","","200","OK","true","","","Absolute","//body/div/div/div/div/main/article/div/div[1]/div[4]/div/div/div/div/div/div/div/div/div[@class='fl-gallery-item'][8]/div/div[1]/a/img","Content","HTML","","150x150","","0"
"Hyperlink","https://www.f3properties.com/about/","https://www.f3properties.com/wp-content/uploads/2021/05/Quinn-HenrysLake.jpg","81995","Quinn-Henry's Lake","","200","OK","true","_self","","Absolute","//body/div/div/div/div/main/article/div/div[1]/div[4]/div/div/div/div/div/div/div/div/div[@class='fl-gallery-item'][12]/div/div[1]/a","Content","HTML","","","","0"
"Image","https://www.f3properties.com/about/","https://www.f3properties.com/wp-content/uploads/2021/11/Raven-Bandana-150x150.jpg","6576","Raven-Bandana","","200","OK","true","","","Absolute","//body/div/div/div/div/main/article/div/div[1]/div[4]/div/div/div/div/div/div/div/div/div[@class='fl-gallery-item'][18]/div/div[1]/a/img","Content","HTML","","150x150","","0"
"Image","https://www.f3properties.com/about/","https://www.f3properties.com/wp-content/uploads/2021/03/cash-150x150.jpg","18500","Cash-Starting Early","","200","OK","true","","","Absolute","//body/div/div/div/div/main/article/div/div[1]/div[4]/div/div/div/div/div/div/div/div/div[@class='fl-gallery-item'][7]/div/div[1]/a/img","Content","HTML","","150x150","","0"
"Image","https://www.f3properties.com/about/","https://www.f3properties.com/wp-content/uploads/2021/05/JR-Striped-Marlin-150x150.jpg","20897","JR Striped Marlin","","200","OK","true","","","Absolute","//body/div/div/div/div/main/article/div/div[1]/div[4]/div/div/div/div/div/div/div/div/div[@class='fl-gallery-item'][14]/div/div[1]/a/img","Content","HTML","","150x150","","0"
"Image","https://www.f3properties.com/about/","https://www.f3properties.com/wp-content/uploads/2021/05/Grandma-150x150.jpg","16198","Grandma","","200","OK","true","","","Absolute","//body/div/div/div/div/main/article/div/div[1]/div[4]/div/div/div/div/div/div/div/div/div[@class='fl-gallery-item'][16]/div/div[1]/a/img","Content","HTML","","150x150","","0"
"Image","https://www.f3properties.com/about/","https://www.f3properties.com/wp-content/uploads/2021/11/RavenAndHisBlankey-150x150.jpg","3756","Raven & His Blanket","","200","OK","true","","","Absolute","//body/div/div/div/div/main/article/div/div[1]/div[4]/div/div/div/div/div/div/div/div/div[@class='fl-gallery-item'][17]/div/div[1]/a/img","Content","HTML","","150x150","","0"
"Hyperlink","https://www.f3properties.com/about/","https://www.f3properties.com/wp-content/uploads/2021/03/cash-1024x683.jpg","103575","Cash-Starting Early","","200","OK","true","_self","","Absolute","//body/div/div/div/div/main/article/div/div[1]/div[4]/div/div/div/div/div/div/div/div/div[@class='fl-gallery-item'][7]/div/div[1]/a","Content","HTML","","","","0"
"Hyperlink","https://www.f3properties.com/about/","https://www.f3properties.com/wp-content/uploads/2021/05/Grandma.jpg","62920","Grandma","","200","OK","true","_self","","Absolute","//body/div/div/div/div/main/article/div/div[1]/div[4]/div/div/div/div/div/div/div/div/div[@class='fl-gallery-item'][16]/div/div[1]/a","Content","HTML","","","","0"
"Hyperlink","https://www.f3properties.com/about/","https://www.f3properties.com/wp-content/uploads/2021/05/GoJumpInaLake.jpg","75184","Go Jump In a Lake","","200","OK","true","_self","","Absolute","//body/div/div/div/div/main/article/div/div[1]/div[4]/div/div/div/div/div/div/div/div/div[@class='fl-gallery-item'][10]/div/div[1]/a","Content","HTML","","","","0"
"Hyperlink","https://www.f3properties.com/about/","https://www.f3properties.com/wp-content/uploads/2021/03/kittyNfall-1024x683.jpg","91976","Kitty at 3","","200","OK","true","_self","","Absolute","//body/div/div/div/div/main/article/div/div[1]/div[4]/div/div/div/div/div/div/div/div/div[@class='fl-gallery-item'][6]/div/div[1]/a","Content","HTML","","","","0"
"Image","https://www.f3properties.com/about/","https://www.f3properties.com/wp-content/uploads/2021/03/KittyBlues-150x150.jpg","24663","Kitty-Grouse Hunting at 12","","200","OK","true","","","Absolute","//body/div/div/div/div/main/article/div/div[1]/div[4]/div/div/div/div/div/div/div/div/div[@class='fl-gallery-item'][5]/div/div[1]/a/img","Content","HTML","","150x150","","0"
"Image","https://www.f3properties.com/about/","https://www.f3properties.com/wp-content/uploads/2021/03/ravenpheasants-150x150.jpg","24382","Raven & His Pheasants (South Dakota)","","200","OK","true","","","Absolute","//body/div/div/div/div/main/article/div/div[1]/div[4]/div/div/div/div/div/div/div/div/div[@class='fl-gallery-item'][2]/div/div[1]/a/img","Content","HTML","","150x150","","0"
"Image","https://www.f3properties.com/about/","https://www.f3properties.com/wp-content/uploads/2021/03/kittyNfall-150x150.jpg","17367","Kitty at 3","","200","OK","true","","","Absolute","//body/div/div/div/div/main/article/div/div[1]/div[4]/div/div/div/div/div/div/div/div/div[@class='fl-gallery-item'][6]/div/div[1]/a/img","Content","HTML","","150x150","","0"
"Image","https://www.f3properties.com/about/","https://www.f3properties.com/wp-content/uploads/2021/05/GoJumpInaLake-150x150.jpg","16801","Go Jump In a Lake","","200","OK","true","","","Absolute","//body/div/div/div/div/main/article/div/div[1]/div[4]/div/div/div/div/div/div/div/div/div[@class='fl-gallery-item'][10]/div/div[1]/a/img","Content","HTML","","150x150","","0"
"Hyperlink","https://www.f3properties.com/about/","https://www.f3properties.com/wp-content/uploads/2021/05/Snackbar.jpg","55762","Snackbar Airing It Out","","200","OK","true","_self","","Absolute","//body/div/div/div/div/main/article/div/div[1]/div[4]/div/div/div/div/div/div/div/div/div[@class='fl-gallery-item'][9]/div/div[1]/a","Content","HTML","","","","0"
"Hyperlink","https://www.f3properties.com/about/","https://www.f3properties.com/wp-content/uploads/2021/03/AshlynLady-1024x683.jpg","160317","Ashelynn & Lady","","200","OK","true","_self","","Absolute","//body/div/div/div/div/main/article/div/div[1]/div[4]/div/div/div/div/div/div/div/div/div[@class='fl-gallery-item'][1]/div/div[1]/a","Content","HTML","","","","0"
"Image","https://www.f3properties.com/about/","https://www.f3properties.com/wp-content/uploads/2021/05/QuinnTana-SouthDaktoa-150x150.jpg","22480","Quinn & Tana - South Dakota","","200","OK","true","","","Absolute","//body/div/div/div/div/main/article/div/div[1]/div[4]/div/div/div/div/div/div/div/div/div[@class='fl-gallery-item'][15]/div/div[1]/a/img","Content","HTML","","150x150","","0"
"Image","https://www.f3properties.com/about/","https://www.f3properties.com/wp-content/uploads/2021/05/Pot-of-Gold-150x150.jpg","17849","Pot of Gold","","200","OK","true","","","Absolute","//body/div/div/div/div/main/article/div/div[1]/div[4]/div/div/div/div/div/div/div/div/div[@class='fl-gallery-item'][13]/div/div[1]/a/img","Content","HTML","","150x150","","0"
"Hyperlink","https://www.f3properties.com/about/","https://www.f3properties.com/wp-content/uploads/2021/11/RavenAndHisBlankey-1024x768.jpg","54704","Raven & His Blanket","","200","OK","true","_self","","Absolute","//body/div/div/div/div/main/article/div/div[1]/div[4]/div/div/div/div/div/div/div/div/div[@class='fl-gallery-item'][17]/div/div[1]/a","Content","HTML","","","","0"
"Image","https://www.f3properties.com/history/","https://www.f3properties.com/wp-content/uploads/2021/03/JasonRoth_portriat.jpg","704583","JasonRoth_portriat","","200","OK","true","","","Absolute","//body/div/div/div/div/main/article/div/div[1]/div[2]/div/div/div[1]/div[2]/div/div/div/div/div/img","Content","HTML","","1600x1065","","0"
"Image","https://www.f3properties.com/about/","https://www.f3properties.com/wp-content/uploads/2021/05/Quinn-HenrysLake-150x150.jpg","19001","Quinn-Henry's Lake","","200","OK","true","","","Absolute","//body/div/div/div/div/main/article/div/div[1]/div[4]/div/div/div/div/div/div/div/div/div[@class='fl-gallery-item'][12]/div/div[1]/a/img","Content","HTML","","150x150","","0"
"Image","https://www.f3properties.com/history/","https://www.f3properties.com/wp-content/uploads/2021/05/Raven-PrayingQuote-scaled-1.jpg","777821","Raven-PrayingQuote","","200","OK","true","","","Absolute","//body/div/div/div/div/main/article/div/div[1]/div[4]/div/div/div/div[1]/div/div/div/div/div/img","Content","HTML","","1880x2560","","0"
"Image","https://www.f3properties.com/projects/","https://www.f3properties.com/wp-content/uploads/bb-plugin/cache/201sitingbull_NEW-landscape-f1beea95cf41397c17078dd13ee66ce1-6075e52370993.png","5010529","201sitingbull_NEW","","200","OK","true","","","Absolute","//body/div/div/div/div/main/article/div/div[1]/div[2]/div/div/div[5]/div[2]/div/div[1]/div/div/div/img","Content","HTML","","2560x1792","","0"
"Image","https://www.f3properties.com/projects/","https://www.f3properties.com/wp-content/uploads/bb-plugin/cache/30_aug_VIEW3_detail-scaled-landscape-6b16e48468d50a20bbe27ac72f27a017-8sbzcrdqa0ft.jpg","1328271","30_aug_VIEW3_detail","","200","OK","true","","","Absolute","//body/div/div/div/div/main/article/div/div[1]/div[2]/div/div/div[2]/div[2]/div/div/div/div/div/img","Content","HTML","","2560x1885","","0"
"Hyperlink","https://www.f3properties.com/projects/","https://www.f3properties.com/wp-content/uploads/2022/02/Lot-88-DRONE-SHOTS.jpg","302487","","View Drone Images","200","OK","true","_blank","noopener","Absolute","//body/div/div/div/div/main/article/div/div[1]/div[2]/div/div/div[5]/div[2]/div/div[2]/div[2]/div/div[1]/div/div/a","Content","HTML","","","","0"
"Image","https://www.f3properties.com/projects/","https://www.f3properties.com/wp-content/uploads/bb-plugin/cache/GoldenEagle-sold-landscape-51daea85331dfb78e2dc48606bdb83a6-6075e0a72941a.jpg","333893","GoldenEagle-sold","","200","OK","true","","","Absolute","//body/div/div/div/div/main/article/div/div[1]/div[2]/div/div/div[11]/div[2]/div/div/div/div/div/img","Content","HTML","","1920x1344","","0"
"Image","https://www.f3properties.com/projects/","https://www.f3properties.com/wp-content/uploads/bb-plugin/cache/Highcamp-sold-landscape-ba179cdcb7cdc551aa647b17b629d4bf-6075e0dc29cc4.jpg","282078","Highcamp-sold","","200","OK","true","","","Absolute","//body/div/div/div/div/main/article/div/div[1]/div[2]/div/div/div[13]/div[2]/div/div/div/div/div/img","Content","HTML","","1920x1344","","0"
"Hyperlink","https://www.f3properties.com/projects/","https://www.f3properties.com/wp-content/uploads/2024/09/30_aug_24_finals-thumbs-scaled.jpg","712560","","View Gallery Page","200","OK","true","_blank","noopener","Absolute","//body/div/div/div/div/main/article/div/div[1]/div[2]/div/div/div[2]/div[1]/div/div[3]/div/div/a","Content","HTML","","","","0"
"Image","https://www.f3properties.com/projects/","https://www.f3properties.com/wp-content/uploads/bb-plugin/cache/Westcliff-sold-landscape-e0a936680dbd6da6e831b23adcb54db6-6075e007183ee.jpg","309164","Westcliff-sold","","200","OK","true","","","Absolute","//body/div/div/div/div/main/article/div/div[1]/div[2]/div/div/div[8]/div[2]/div/div/div/div/div/img","Content","HTML","","1920x1344","","0"
