"Address","Content Type","Size (bytes)","IMG Inlinks","Indexability","Indexability Status","Dimensions"
"https://www.f3properties.com/wp-content/uploads/bb-plugin/cache/GoldenEagle-sold-landscape-51daea85331dfb78e2dc48606bdb83a6-60ae383c61960.jpg","image/jpeg","333893","1","Indexable","",""
"https://www.f3properties.com/wp-content/uploads/bb-plugin/cache/30_aug_VIEW3_detail-scaled-landscape-6b16e48468d50a20bbe27ac72f27a017-f9g6py7kh5lc.jpg","image/jpeg","1328271","1","Indexable","",""
"https://www.f3properties.com/wp-content/uploads/bb-plugin/cache/Sold-Indian-Creek-e1699032423882-landscape-33bcb586805e8196b52f3259de547b37-6075e01d33cb4.png","image/png","172623","1","Indexable","",""
"https://www.f3properties.com/wp-content/uploads/bb-plugin/cache/Westcliff-sold-landscape-e0a936680dbd6da6e831b23adcb54db6-6064723d34309.jpg","image/jpeg","309164","1","Indexable","",""
"https://www.f3properties.com/wp-content/uploads/bb-plugin/cache/Highcamp-sold-landscape-ba179cdcb7cdc551aa647b17b629d4bf-6075df281f86f.jpg","image/jpeg","282078","1","Indexable","",""
"https://www.f3properties.com/wp-content/uploads/2021/11/Raven-Bandana-735x1024.jpg","image/jpeg","219673","0","Indexable","",""
"https://www.f3properties.com/wp-content/uploads/bb-plugin/cache/JasonRoth_portriat-portrait-811b01acc70329134695b4be067e600e-60a692a15f1d9.jpg","image/jpeg","134515","1","Indexable","",""
"https://www.f3properties.com/wp-content/uploads/2021/03/Memorial-1024x683.jpg","image/jpeg","261253","0","Indexable","",""
"https://www.f3properties.com/wp-content/uploads/2021/03/ravenpheasants-1024x683.jpg","image/jpeg","209668","0","Indexable","",""
"https://www.f3properties.com/wp-content/uploads/2021/03/KittyBlues-1024x683.jpg","image/jpeg","275007","0","Indexable","",""
"https://www.f3properties.com/wp-content/uploads/2021/03/cash-1024x683.jpg","image/jpeg","103575","0","Indexable","",""
"https://www.f3properties.com/wp-content/uploads/2021/03/AshlynLady-1024x683.jpg","image/jpeg","160317","0","Indexable","",""
"https://www.f3properties.com/wp-content/uploads/2021/03/JasonRoth_portriat.jpg","image/jpeg","704583","1","Indexable","",""
"https://www.f3properties.com/wp-content/uploads/2021/05/Raven-PrayingQuote-scaled-1.jpg","image/jpeg","777821","1","Indexable","",""
"https://www.f3properties.com/wp-content/uploads/bb-plugin/cache/201sitingbull_NEW-landscape-f1beea95cf41397c17078dd13ee66ce1-6075e52370993.png","image/png","5010529","1","Indexable","",""
"https://www.f3properties.com/wp-content/uploads/bb-plugin/cache/30_aug_VIEW3_detail-scaled-landscape-6b16e48468d50a20bbe27ac72f27a017-8sbzcrdqa0ft.jpg","image/jpeg","1328271","1","Indexable","",""
"https://www.f3properties.com/wp-content/uploads/2022/02/Lot-88-DRONE-SHOTS.jpg","image/jpeg","302487","0","Indexable","",""
"https://www.f3properties.com/wp-content/uploads/bb-plugin/cache/GoldenEagle-sold-landscape-51daea85331dfb78e2dc48606bdb83a6-6075e0a72941a.jpg","image/jpeg","333893","1","Indexable","",""
"https://www.f3properties.com/wp-content/uploads/bb-plugin/cache/Highcamp-sold-landscape-ba179cdcb7cdc551aa647b17b629d4bf-6075e0dc29cc4.jpg","image/jpeg","282078","1","Indexable","",""
"https://www.f3properties.com/wp-content/uploads/2024/09/30_aug_24_finals-thumbs-scaled.jpg","image/jpeg","712560","0","Indexable","",""
"https://www.f3properties.com/wp-content/uploads/bb-plugin/cache/Westcliff-sold-landscape-e0a936680dbd6da6e831b23adcb54db6-6075e007183ee.jpg","image/jpeg","309164","1","Indexable","",""
