"Address","Content Type","Status Code","Status","Indexability","Indexability Status","Title 1","Title 1 Length","Title 1 Pixel Width","Meta Description 1","Meta Description 1 Length","Meta Description 1 Pixel Width","Meta Keywords 1","Meta Keywords 1 Length","H1-1","H1-1 Length","H2-1","H2-1 Length","Meta Robots 1","X-Robots-Tag 1","Meta Refresh 1","Canonical Link Element 1","rel=""next"" 1","rel=""prev"" 1","HTTP rel=""next"" 1","HTTP rel=""prev"" 1","amphtml Link Element","Size (bytes)","Transferred (bytes)","Total Transferred (bytes)","CO2 (mg)","Carbon Rating","Word Count","Sentence Count","Average Words Per Sentence","Flesch Reading Ease Score","Readability","Text Ratio","Crawl Depth","Folder Depth","Link Score","Inlinks","Unique Inlinks","Unique JS Inlinks","% of Total","Outlinks","Unique Outlinks","Unique JS Outlinks","External Outlinks","Unique External Outlinks","Unique External JS Outlinks","Closest Near Duplicate Match","No. Near Duplicates","Spelling Errors","Grammar Errors","Hash","Response Time","Last Modified","Redirect URL","Redirect Type","Cookies","Language","HTTP Version","Mobile Alternate Link","Closest Semantically Similar Address","Semantic Similarity Score","No. Semantically Similar","Semantic Relevance Score","URL Encoded Address","Crawl Timestamp"
"https://www.f3properties.com/wp-content/themes/astra/assets/css/minified/style.min.css?ver=4.13.1","text/css","200","OK","Indexable","","","0","0","","0","0","","0","","0","","0","","","","","","","","","","0","0","0","0.000","","0","","","","","0.000","1","6","","0","0","0","0.000","0","0","0","0","0","0","","","","","","0.374","Tue, 12 May 2026 17:31:41 GMT","","","","","1.1","","","","","","https://www.f3properties.com/wp-content/themes/astra/assets/css/minified/style.min.css?ver=4.13.1","2026-05-19 11:29:00"
"https://www.f3properties.com/wp-content/plugins/bb-plugin/fonts/fontawesome/5.15.4/css/all.min.css?ver=2.10.2","text/css","200","OK","Indexable","","","0","0","","0","0","","0","","0","","0","","","","","","","","","","0","0","0","0.000","","0","","","","","0.000","1","7","","0","0","0","0.000","0","0","0","0","0","0","","","","","","0.429","Tue, 19 May 2026 03:13:11 GMT","","","","","1.1","","","","","","https://www.f3properties.com/wp-content/plugins/bb-plugin/fonts/fontawesome/5.15.4/css/all.min.css?ver=2.10.2","2026-05-19 11:29:00"
"https://www.f3properties.com/wp-content/plugins/bb-plugin/fonts/fontawesome/5.15.4/css/v4-shims.min.css?ver=2.10.2","text/css","200","OK","Indexable","","","0","0","","0","0","","0","","0","","0","","","","","","","","","","0","0","0","0.000","","0","","","","","0.000","1","7","","0","0","0","0.000","0","0","0","0","0","0","","","","","","0.315","Tue, 19 May 2026 03:13:11 GMT","","","","","1.1","","","","","","https://www.f3properties.com/wp-content/plugins/bb-plugin/fonts/fontawesome/5.15.4/css/v4-shims.min.css?ver=2.10.2","2026-05-19 11:29:00"
"https://www.f3properties.com/wp-content/themes/astra/assets/css/minified/compatibility/page-builder/bb-plugin.min.css?ver=4.13.1","text/css","200","OK","Indexable","","","0","0","","0","0","","0","","0","","0","","","","","","","","","","0","0","0","0.000","","0","","","","","0.000","1","8","","0","0","0","0.000","0","0","0","0","0","0","","","","","","0.086","Tue, 12 May 2026 17:31:41 GMT","","","","","1.1","","","","","","https://www.f3properties.com/wp-content/themes/astra/assets/css/minified/compatibility/page-builder/bb-plugin.min.css?ver=4.13.1","2026-05-19 11:29:01"
"https://www.f3properties.com/wp-content/uploads/bb-plugin/cache/128-layout.css?ver=916bea4629fa8ab2f95d428093e2d515","text/css","200","OK","Indexable","","","0","0","","0","0","","0","","0","","0","","","","","","","","","","0","0","0","0.000","","0","","","","","0.000","1","4","","0","0","0","0.000","0","0","0","0","0","0","","","","","","0.277","Tue, 12 May 2026 02:49:19 GMT","","","","","1.1","","","","","","https://www.f3properties.com/wp-content/uploads/bb-plugin/cache/128-layout.css?ver=916bea4629fa8ab2f95d428093e2d515","2026-05-19 11:29:01"
"https://www.f3properties.com/wp-content/plugins/bb-plugin/css/jquery.magnificpopup.min.css?ver=2.10.2","text/css","200","OK","Indexable","","","0","0","","0","0","","0","","0","","0","","","","","","","","","","0","0","0","0.000","","0","","","","","0.000","2","4","","0","0","0","0.000","0","0","0","0","0","0","","","","","","0.289","Tue, 19 May 2026 03:13:11 GMT","","","","","1.1","","","","","","https://www.f3properties.com/wp-content/plugins/bb-plugin/css/jquery.magnificpopup.min.css?ver=2.10.2","2026-05-19 11:29:02"
"https://www.f3properties.com/wp-content/uploads/bb-plugin/cache/18-layout.css?ver=bdfb12bb179badb1192d1e62dc0a204e","text/css","200","OK","Indexable","","","0","0","","0","0","","0","","0","","0","","","","","","","","","","0","0","0","0.000","","0","","","","","0.000","2","4","","0","0","0","0.000","0","0","0","0","0","0","","","","","","0.371","Sat, 16 May 2026 05:10:39 GMT","","","","","1.1","","","","","","https://www.f3properties.com/wp-content/uploads/bb-plugin/cache/18-layout.css?ver=bdfb12bb179badb1192d1e62dc0a204e","2026-05-19 11:29:05"
"https://www.f3properties.com/wp-content/uploads/bb-plugin/icons/ultimate-icons/style.css?ver=2.10.2","text/css","200","OK","Indexable","","","0","0","","0","0","","0","","0","","0","","","","","","","","","","0","0","0","0.000","","0","","","","","0.000","2","5","","0","0","0","0.000","0","0","0","0","0","0","","","","","","0.326","Thu, 03 Nov 2022 18:20:26 GMT","","","","","1.1","","","","","","https://www.f3properties.com/wp-content/uploads/bb-plugin/icons/ultimate-icons/style.css?ver=2.10.2","2026-05-19 11:29:05"
"https://www.f3properties.com/wp-content/plugins/bb-plugin/css/jquery.bxslider.css?ver=2.10.2","text/css","200","OK","Indexable","","","0","0","","0","0","","0","","0","","0","","","","","","","","","","0","0","0","0.000","","0","","","","","0.000","2","4","","0","0","0","0.000","0","0","0","0","0","0","","","","","","0.489","Tue, 19 May 2026 03:13:11 GMT","","","","","1.1","","","","","","https://www.f3properties.com/wp-content/plugins/bb-plugin/css/jquery.bxslider.css?ver=2.10.2","2026-05-19 11:29:06"
