"Address","Content Type","Status Code","Status","Indexability","Indexability Status","Title 1","Title 1 Length","Title 1 Pixel Width","Meta Description 1","Meta Description 1 Length","Meta Description 1 Pixel Width","Meta Keywords 1","Meta Keywords 1 Length","H1-1","H1-1 Length","H1-2","H1-2 Length","H2-1","H2-1 Length","H2-2","H2-2 Length","Meta Robots 1","X-Robots-Tag 1","Meta Refresh 1","Canonical Link Element 1","rel=""next"" 1","rel=""prev"" 1","HTTP rel=""next"" 1","HTTP rel=""prev"" 1","amphtml Link Element","Size (bytes)","Transferred (bytes)","Total Transferred (bytes)","CO2 (mg)","Carbon Rating","Word Count","Sentence Count","Average Words Per Sentence","Flesch Reading Ease Score","Readability","Text Ratio","Crawl Depth","Folder Depth","Link Score","Inlinks","Unique Inlinks","Unique JS Inlinks","% of Total","Outlinks","Unique Outlinks","Unique JS Outlinks","External Outlinks","Unique External Outlinks","Unique External JS Outlinks","Closest Near Duplicate Match","No. Near Duplicates","Spelling Errors","Grammar Errors","Hash","Response Time","Last Modified","Redirect URL","Redirect Type","Cookies","Language","HTTP Version","Mobile Alternate Link","Closest Semantically Similar Address","Semantic Similarity Score","No. Semantically Similar","Semantic Relevance Score","URL Encoded Address","Crawl Timestamp"
"https://www.f3properties.com/","text/html; charset=UTF-8","200","OK","Indexable","","F3 Properties – Full-service real estate broker","47","398","","0","0","","0","F3 PROPERTIES","13","CURRENT PROJECTS","16","Greetings, and thank you for visiting my site.","46","Search Property Listings","24","max-image-preview:large","","","https://www.f3properties.com/","","","","","","103170","19019","19019","7.286","","325","57","5.702","67.770","Normal","2.105","0","0","","11","5","0","100.000","14","5","0","0","0","0","","","","","ab8661e5f526abbedc33e01941938af0","0.115","","","","","en-US","1.1","","","","","","https://www.f3properties.com/","2026-05-19 11:29:00"
"https://www.f3properties.com/wp-content/themes/astra/assets/js/minified/style.min.js?ver=4.13.1","application/javascript","200","OK","Indexable","","","0","0","","0","0","","0","","0","","0","","0","","0","","","","","","","","","","0","0","0","0.000","","0","","","","","0.000","1","6","","0","0","0","0.000","0","0","0","0","0","0","","","","","","0.136","Tue, 12 May 2026 17:31:41 GMT","","","","","1.1","","","","","","https://www.f3properties.com/wp-content/themes/astra/assets/js/minified/style.min.js?ver=4.13.1","2026-05-19 11:29:00"
"https://www.f3properties.com/wp-content/themes/astra/assets/css/minified/style.min.css?ver=4.13.1","text/css","200","OK","Indexable","","","0","0","","0","0","","0","","0","","0","","0","","0","","","","","","","","","","0","0","0","0.000","","0","","","","","0.000","1","6","","0","0","0","0.000","0","0","0","0","0","0","","","","","","0.374","Tue, 12 May 2026 17:31:41 GMT","","","","","1.1","","","","","","https://www.f3properties.com/wp-content/themes/astra/assets/css/minified/style.min.css?ver=4.13.1","2026-05-19 11:29:00"
"https://www.f3properties.com/wp-content/uploads/bb-plugin/cache/GoldenEagle-sold-landscape-51daea85331dfb78e2dc48606bdb83a6-60ae383c61960.jpg","image/jpeg","200","OK","Indexable","","","0","0","","0","0","","0","","0","","0","","0","","0","","","","","","","","","","333893","333893","333893","127.908","","0","","","","","0.000","1","4","","0","0","0","0.000","0","0","0","0","0","0","","","","","","0.412","Wed, 25 Sep 2024 15:41:35 GMT","","","","","1.1","","","","","","https://www.f3properties.com/wp-content/uploads/bb-plugin/cache/GoldenEagle-sold-landscape-51daea85331dfb78e2dc48606bdb83a6-60ae383c61960.jpg","2026-05-19 11:29:00"
"https://www.f3properties.com/wp-content/plugins/bb-plugin/fonts/fontawesome/5.15.4/css/all.min.css?ver=2.10.2","text/css","200","OK","Indexable","","","0","0","","0","0","","0","","0","","0","","0","","0","","","","","","","","","","0","0","0","0.000","","0","","","","","0.000","1","7","","0","0","0","0.000","0","0","0","0","0","0","","","","","","0.429","Tue, 19 May 2026 03:13:11 GMT","","","","","1.1","","","","","","https://www.f3properties.com/wp-content/plugins/bb-plugin/fonts/fontawesome/5.15.4/css/all.min.css?ver=2.10.2","2026-05-19 11:29:00"
"https://www.f3properties.com/wp-content/uploads/bb-plugin/cache/30_aug_VIEW3_detail-scaled-landscape-6b16e48468d50a20bbe27ac72f27a017-f9g6py7kh5lc.jpg","image/jpeg","200","OK","Indexable","","","0","0","","0","0","","0","","0","","0","","0","","0","","","","","","","","","","1328271","1328271","1328271","508.835","","0","","","","","0.000","1","4","","0","0","0","0.000","0","0","0","0","0","0","","","","","","0.472","Wed, 25 Sep 2024 15:41:28 GMT","","","","","1.1","","","","","","https://www.f3properties.com/wp-content/uploads/bb-plugin/cache/30_aug_VIEW3_detail-scaled-landscape-6b16e48468d50a20bbe27ac72f27a017-f9g6py7kh5lc.jpg","2026-05-19 11:29:00"
"https://www.f3properties.com/wp-content/uploads/2021/05/F3LogoFINALwTag_Reversed-270x63.png","image/png","200","OK","Indexable","","","0","0","","0","0","","0","","0","","0","","0","","0","","","","","","","","","","9851","9851","9851","3.774","","0","","","","","0.000","1","4","","0","0","0","0.000","0","0","0","0","0","0","","","","","","0.293","Wed, 31 Jan 2024 21:32:53 GMT","","","","","1.1","","","","","","https://www.f3properties.com/wp-content/uploads/2021/05/F3LogoFINALwTag_Reversed-270x63.png","2026-05-19 11:29:00"
"https://www.f3properties.com/wp-content/plugins/bb-plugin/fonts/fontawesome/5.15.4/css/v4-shims.min.css?ver=2.10.2","text/css","200","OK","Indexable","","","0","0","","0","0","","0","","0","","0","","0","","0","","","","","","","","","","0","0","0","0.000","","0","","","","","0.000","1","7","","0","0","0","0.000","0","0","0","0","0","0","","","","","","0.315","Tue, 19 May 2026 03:13:11 GMT","","","","","1.1","","","","","","https://www.f3properties.com/wp-content/plugins/bb-plugin/fonts/fontawesome/5.15.4/css/v4-shims.min.css?ver=2.10.2","2026-05-19 11:29:00"
"https://www.f3properties.com/wp-content/uploads/astra-addon/astra-addon-69e1b055c63bc4-16850826.js?ver=4.13.1","text/html; charset=UTF-8","404","Not Found","Non-Indexable","Client Error","","0","0","","0","0","","0","","0","","0","","0","","0","","","","","","","","","","0","0","0","0.000","","0","","","","","0.000","1","3","","0","0","0","0.000","0","0","0","0","0","0","","","","","","0.297","","","","","","1.1","","","","","","https://www.f3properties.com/wp-content/uploads/astra-addon/astra-addon-69e1b055c63bc4-16850826.js?ver=4.13.1","2026-05-19 11:29:00"
"https://www.f3properties.com/projects/","text/html; charset=UTF-8","200","OK","Indexable","","Current Projects – F3 Properties","32","282","","0","0","","0","Current & Recent Projects","25","","0","41 Cooper Drive/Griffin Ranch","29","Indian Creek-Luxury Spec.","25","max-image-preview:large","","","https://www.f3properties.com/projects/","","","","","","114717","24682","24682","9.455","","1112","175","6.354","69.377","Normal","6.072","1","1","","17","5","0","100.000","17","14","0","0","0","0","","","","","14d9c726e6ed656e5220b0b997668ff1","0.287","","","","","en-US","1.1","","","","","","https://www.f3properties.com/projects/","2026-05-19 11:29:00"
"https://www.f3properties.com/wp-content/uploads/bb-plugin/cache/Sold-Indian-Creek-e1699032423882-landscape-33bcb586805e8196b52f3259de547b37-6075e01d33cb4.png","image/png","200","OK","Indexable","","","0","0","","0","0","","0","","0","","0","","0","","0","","","","","","","","","","172623","172623","172623","66.129","","0","","","","","0.000","1","4","","0","0","0","0.000","0","0","0","0","0","0","","","","","","0.384","Wed, 25 Sep 2024 15:41:34 GMT","","","","","1.1","","","","","","https://www.f3properties.com/wp-content/uploads/bb-plugin/cache/Sold-Indian-Creek-e1699032423882-landscape-33bcb586805e8196b52f3259de547b37-6075e01d33cb4.png","2026-05-19 11:29:00"
"https://www.f3properties.com/wp-content/themes/astra/assets/css/minified/compatibility/page-builder/bb-plugin.min.css?ver=4.13.1","text/css","200","OK","Indexable","","","0","0","","0","0","","0","","0","","0","","0","","0","","","","","","","","","","0","0","0","0.000","","0","","","","","0.000","1","8","","0","0","0","0.000","0","0","0","0","0","0","","","","","","0.086","Tue, 12 May 2026 17:31:41 GMT","","","","","1.1","","","","","","https://www.f3properties.com/wp-content/themes/astra/assets/css/minified/compatibility/page-builder/bb-plugin.min.css?ver=4.13.1","2026-05-19 11:29:01"
"https://www.f3properties.com/wp-content/uploads/astra-addon/astra-addon-69e1b055c57799-53219066.css?ver=4.13.1","text/html; charset=UTF-8","404","Not Found","Non-Indexable","Client Error","","0","0","","0","0","","0","","0","","0","","0","","0","","","","","","","","","","0","0","0","0.000","","0","","","","","0.000","1","3","","0","0","0","0.000","0","0","0","0","0","0","","","","","","0.274","","","","","","1.1","","","","","","https://www.f3properties.com/wp-content/uploads/astra-addon/astra-addon-69e1b055c57799-53219066.css?ver=4.13.1","2026-05-19 11:29:01"
"https://www.f3properties.com/wp-content/uploads/bb-plugin/cache/Westcliff-sold-landscape-e0a936680dbd6da6e831b23adcb54db6-6064723d34309.jpg","image/jpeg","200","OK","Indexable","","","0","0","","0","0","","0","","0","","0","","0","","0","","","","","","","","","","309164","309164","309164","118.435","","0","","","","","0.000","1","4","","0","0","0","0.000","0","0","0","0","0","0","","","","","","0.415","Wed, 25 Sep 2024 15:41:34 GMT","","","","","1.1","","","","","","https://www.f3properties.com/wp-content/uploads/bb-plugin/cache/Westcliff-sold-landscape-e0a936680dbd6da6e831b23adcb54db6-6064723d34309.jpg","2026-05-19 11:29:01"
"https://www.f3properties.com/wp-content/plugins/astra-addon/assets/js/minified/purify.min.js?ver=4.13.1","application/javascript","200","OK","Indexable","","","0","0","","0","0","","0","","0","","0","","0","","0","","","","","","","","","","0","0","0","0.000","","0","","","","","0.000","1","6","","0","0","0","0.000","0","0","0","0","0","0","","","","","","0.294","Fri, 15 May 2026 03:24:05 GMT","","","","","1.1","","","","","","https://www.f3properties.com/wp-content/plugins/astra-addon/assets/js/minified/purify.min.js?ver=4.13.1","2026-05-19 11:29:01"
"https://www.f3properties.com/contact/","text/html; charset=UTF-8","200","OK","Indexable","","Contact – F3 Properties","23","210","","0","0","","0","Let's Talk!","11","","0","The Code of the West","20","Jason Roth","10","max-image-preview:large","","","https://www.f3properties.com/contact/","","","","","","86997","19099","19099","7.316","","127","43","2.953","100.000","Very Easy","0.903","1","1","","7","5","0","100.000","8","5","0","0","0","0","","","","","a1327e67fc260d102679ab15a1d4749e","0.329","","","","","en-US","1.1","","","","","","https://www.f3properties.com/contact/","2026-05-19 11:29:01"
"https://www.f3properties.com/wp-content/uploads/bb-plugin/cache/Highcamp-sold-landscape-ba179cdcb7cdc551aa647b17b629d4bf-6075df281f86f.jpg","image/jpeg","200","OK","Indexable","","","0","0","","0","0","","0","","0","","0","","0","","0","","","","","","","","","","282078","282078","282078","108.059","","0","","","","","0.000","1","4","","0","0","0","0.000","0","0","0","0","0","0","","","","","","0.379","Wed, 25 Sep 2024 15:41:34 GMT","","","","","1.1","","","","","","https://www.f3properties.com/wp-content/uploads/bb-plugin/cache/Highcamp-sold-landscape-ba179cdcb7cdc551aa647b17b629d4bf-6075df281f86f.jpg","2026-05-19 11:29:01"
"https://www.f3properties.com/wp-content/uploads/bb-plugin/cache/128-layout.css?ver=916bea4629fa8ab2f95d428093e2d515","text/css","200","OK","Indexable","","","0","0","","0","0","","0","","0","","0","","0","","0","","","","","","","","","","0","0","0","0.000","","0","","","","","0.000","1","4","","0","0","0","0.000","0","0","0","0","0","0","","","","","","0.277","Tue, 12 May 2026 02:49:19 GMT","","","","","1.1","","","","","","https://www.f3properties.com/wp-content/uploads/bb-plugin/cache/128-layout.css?ver=916bea4629fa8ab2f95d428093e2d515","2026-05-19 11:29:01"
"https://www.f3properties.com/history/","text/html; charset=UTF-8","200","OK","Indexable","","History – F3 Properties","23","203","","0","0","","0","History","7","","0","My grandfather built modest homes, schoolhouses and iconic barns on the plains of South Dakota back in the 20’s, 30’s and 40’s.","127","","0","max-image-preview:large","","","https://www.f3properties.com/history/","","","","","","100904","22198","22198","8.504","","878","130","6.754","74.043","Fairly Easy","5.248","1","1","","6","5","0","100.000","9","5","0","0","0","0","","","","","2ffae5514d5aa174ae8cdfa0870a7a6e","0.116","","","","","en-US","1.1","","","","","","https://www.f3properties.com/history/","2026-05-19 11:29:01"
"https://www.f3properties.com/wp-includes/js/jquery/jquery-migrate.min.js?ver=3.4.1","application/javascript","200","OK","Indexable","","","0","0","","0","0","","0","","0","","0","","0","","0","","","","","","","","","","0","0","0","0.000","","0","","","","","0.000","1","3","","0","0","0","0.000","0","0","0","0","0","0","","","","","","0.116","Wed, 09 Aug 2023 03:29:23 GMT","","","","","1.1","","","","","","https://www.f3properties.com/wp-includes/js/jquery/jquery-migrate.min.js?ver=3.4.1","2026-05-19 11:29:01"
"https://www.f3properties.com/about/","text/html; charset=UTF-8","200","OK","Indexable","","Lifestyle & Labradors – F3 Properties","37","326","","0","0","","0","""In the late 70’s, there was an unwritten rule you had to follow in order to obtain 'Local' status""","99","","0","Lifestyle & Labradors","21","About","5","max-image-preview:large","","","https://www.f3properties.com/about/","","","","","","101416","20562","20562","7.877","","298","52","5.731","80.932","Easy","1.811","1","1","","6","5","0","100.000","26","23","0","0","0","0","","","","","e16803fb325bcb951dfa5c14ac01f112","0.364","","","","","en-US","1.1","","","","","","https://www.f3properties.com/about/","2026-05-19 11:29:01"
"https://www.f3properties.com/wp-includes/js/jquery/jquery.min.js?ver=3.7.1","application/javascript","200","OK","Indexable","","","0","0","","0","0","","0","","0","","0","","0","","0","","","","","","","","","","0","0","0","0.000","","0","","","","","0.000","1","3","","0","0","0","0.000","0","0","0","0","0","0","","","","","","0.428","Wed, 08 Nov 2023 02:47:58 GMT","","","","","1.1","","","","","","https://www.f3properties.com/wp-includes/js/jquery/jquery.min.js?ver=3.7.1","2026-05-19 11:29:01"
"https://www.f3properties.com/wp-content/uploads/bb-plugin/cache/128-layout.js?ver=8fcc60e3585ec37608f88f953775a3fe","application/javascript","200","OK","Indexable","","","0","0","","0","0","","0","","0","","0","","0","","0","","","","","","","","","","0","0","0","0.000","","0","","","","","0.000","1","4","","0","0","0","0.000","0","0","0","0","0","0","","","","","","0.354","Tue, 12 May 2026 02:49:19 GMT","","","","","1.1","","","","","","https://www.f3properties.com/wp-content/uploads/bb-plugin/cache/128-layout.js?ver=8fcc60e3585ec37608f88f953775a3fe","2026-05-19 11:29:01"
"https://www.f3properties.com/wp-content/uploads/2021/03/Memorial-150x150.jpg","image/jpeg","200","OK","Indexable","","","0","0","","0","0","","0","","0","","0","","0","","0","","","","","","","","","","25361","25361","25361","9.715","","0","","","","","0.000","2","4","","0","0","0","0.000","0","0","0","0","0","0","","","","","","0.122","Thu, 03 Nov 2022 18:22:24 GMT","","","","","1.1","","","","","","https://www.f3properties.com/wp-content/uploads/2021/03/Memorial-150x150.jpg","2026-05-19 11:29:02"
"https://www.f3properties.com/wp-content/uploads/bb-plugin/cache/238-layout.js?ver=c1a4ce84dfde456457a8c677e0273769","text/html; charset=UTF-8","404","Not Found","Non-Indexable","Client Error","","0","0","","0","0","","0","","0","","0","","0","","0","","","","","","","","","","0","0","0","0.000","","0","","","","","0.000","2","4","","0","0","0","0.000","0","0","0","0","0","0","","","","","","0.326","","","","","","1.1","","","","","","https://www.f3properties.com/wp-content/uploads/bb-plugin/cache/238-layout.js?ver=c1a4ce84dfde456457a8c677e0273769","2026-05-19 11:29:01"
"https://www.f3properties.com/wp-content/uploads/bb-plugin/cache/238-layout.css?ver=e7d7d702778912e400cff50f50e06c4c","text/html; charset=UTF-8","404","Not Found","Non-Indexable","Client Error","","0","0","","0","0","","0","","0","","0","","0","","0","","","","","","","","","","0","0","0","0.000","","0","","","","","0.000","2","4","","0","0","0","0.000","0","0","0","0","0","0","","","","","","0.330","","","","","","1.1","","","","","","https://www.f3properties.com/wp-content/uploads/bb-plugin/cache/238-layout.css?ver=e7d7d702778912e400cff50f50e06c4c","2026-05-19 11:29:02"
"https://www.f3properties.com/wp-content/uploads/bb-plugin/cache/250-layout.css?ver=1071a55a3e1659f9465ed93e1d6b4b30","text/html; charset=UTF-8","404","Not Found","Non-Indexable","Client Error","","0","0","","0","0","","0","","0","","0","","0","","0","","","","","","","","","","0","0","0","0.000","","0","","","","","0.000","2","4","","0","0","0","0.000","0","0","0","0","0","0","","","","","","0.336","","","","","","1.1","","","","","","https://www.f3properties.com/wp-content/uploads/bb-plugin/cache/250-layout.css?ver=1071a55a3e1659f9465ed93e1d6b4b30","2026-05-19 11:29:02"
"https://www.f3properties.com/wp-content/plugins/bb-plugin/css/jquery.magnificpopup.min.css?ver=2.10.2","text/css","200","OK","Indexable","","","0","0","","0","0","","0","","0","","0","","0","","0","","","","","","","","","","0","0","0","0.000","","0","","","","","0.000","2","4","","0","0","0","0.000","0","0","0","0","0","0","","","","","","0.289","Tue, 19 May 2026 03:13:11 GMT","","","","","1.1","","","","","","https://www.f3properties.com/wp-content/plugins/bb-plugin/css/jquery.magnificpopup.min.css?ver=2.10.2","2026-05-19 11:29:02"
"https://www.f3properties.com/wp-content/uploads/2021/11/Raven-Bandana-735x1024.jpg","image/jpeg","200","OK","Indexable","","","0","0","","0","0","","0","","0","","0","","0","","0","","","","","","","","","","219673","219673","219673","84.153","","0","","","","","0.000","2","4","","1","1","0","20.000","0","0","0","0","0","0","","","","","","0.391","Thu, 03 Nov 2022 18:22:06 GMT","","","","","1.1","","","","","","https://www.f3properties.com/wp-content/uploads/2021/11/Raven-Bandana-735x1024.jpg","2026-05-19 11:29:02"
"https://www.f3properties.com/wp-content/uploads/bb-plugin/cache/JasonRoth_portriat-portrait-811b01acc70329134695b4be067e600e-60a692a15f1d9.jpg","image/jpeg","200","OK","Indexable","","","0","0","","0","0","","0","","0","","0","","0","","0","","","","","","","","","","134515","134515","134515","51.530","","0","","","","","0.000","2","4","","0","0","0","0.000","0","0","0","0","0","0","","","","","","0.345","Sat, 03 Jun 2023 05:07:42 GMT","","","","","1.1","","","","","","https://www.f3properties.com/wp-content/uploads/bb-plugin/cache/JasonRoth_portriat-portrait-811b01acc70329134695b4be067e600e-60a692a15f1d9.jpg","2026-05-19 11:29:02"
"https://www.f3properties.com/wp-content/uploads/2021/03/Memorial-1024x683.jpg","image/jpeg","200","OK","Indexable","","","0","0","","0","0","","0","","0","","0","","0","","0","","","","","","","","","","261253","261253","261253","100.081","","0","","","","","0.000","2","4","","1","1","0","20.000","0","0","0","0","0","0","","","","","","0.342","Thu, 03 Nov 2022 18:20:04 GMT","","","","","1.1","","","","","","https://www.f3properties.com/wp-content/uploads/2021/03/Memorial-1024x683.jpg","2026-05-19 11:29:02"
"https://www.f3properties.com/wp-content/uploads/2021/03/Tana_LastHunt-1024x683.jpg","image/jpeg","200","OK","Indexable","","","0","0","","0","0","","0","","0","","0","","0","","0","","","","","","","","","","98509","98509","98509","37.737","","0","","","","","0.000","2","4","","1","1","0","20.000","0","0","0","0","0","0","","","","","","0.447","Thu, 03 Nov 2022 18:22:42 GMT","","","","","1.1","","","","","","https://www.f3properties.com/wp-content/uploads/2021/03/Tana_LastHunt-1024x683.jpg","2026-05-19 11:29:02"
"https://www.f3properties.com/wp-content/uploads/2021/03/Tana_LastHunt-150x150.jpg","image/jpeg","200","OK","Indexable","","","0","0","","0","0","","0","","0","","0","","0","","0","","","","","","","","","","20348","20348","20348","7.795","","0","","","","","0.000","2","4","","0","0","0","0.000","0","0","0","0","0","0","","","","","","0.430","Thu, 03 Nov 2022 18:19:15 GMT","","","","","1.1","","","","","","https://www.f3properties.com/wp-content/uploads/2021/03/Tana_LastHunt-150x150.jpg","2026-05-19 11:29:02"
"https://www.f3properties.com/wp-content/uploads/2021/05/Mally-150x150.jpg","image/jpeg","200","OK","Indexable","","","0","0","","0","0","","0","","0","","0","","0","","0","","","","","","","","","","20864","20864","20864","7.993","","0","","","","","0.000","2","4","","0","0","0","0.000","0","0","0","0","0","0","","","","","","0.355","Thu, 03 Nov 2022 18:21:12 GMT","","","","","1.1","","","","","","https://www.f3properties.com/wp-content/uploads/2021/05/Mally-150x150.jpg","2026-05-19 11:29:02"
"https://www.f3properties.com/wp-content/uploads/2021/05/Snackbar-150x150.jpg","image/jpeg","200","OK","Indexable","","","0","0","","0","0","","0","","0","","0","","0","","0","","","","","","","","","","14863","14863","14863","5.694","","0","","","","","0.000","2","4","","0","0","0","0.000","0","0","0","0","0","0","","","","","","0.408","Thu, 03 Nov 2022 18:20:13 GMT","","","","","1.1","","","","","","https://www.f3properties.com/wp-content/uploads/2021/05/Snackbar-150x150.jpg","2026-05-19 11:29:02"
"https://www.f3properties.com/wp-content/uploads/2021/03/KittyOcean-1024x683.jpg","image/jpeg","200","OK","Indexable","","","0","0","","0","0","","0","","0","","0","","0","","0","","","","","","","","","","76474","76474","76474","29.296","","0","","","","","0.000","2","4","","1","1","0","20.000","0","0","0","0","0","0","","","","","","0.355","Thu, 03 Nov 2022 18:21:01 GMT","","","","","1.1","","","","","","https://www.f3properties.com/wp-content/uploads/2021/03/KittyOcean-1024x683.jpg","2026-05-19 11:29:02"
"https://www.f3properties.com/wp-content/uploads/2021/05/Pot-of-Gold.jpg","image/jpeg","200","OK","Indexable","","","0","0","","0","0","","0","","0","","0","","0","","0","","","","","","","","","","77516","77516","77516","29.695","","0","","","","","0.000","2","4","","1","1","0","20.000","0","0","0","0","0","0","","","","","","0.444","Thu, 03 Nov 2022 18:19:29 GMT","","","","","1.1","","","","","","https://www.f3properties.com/wp-content/uploads/2021/05/Pot-of-Gold.jpg","2026-05-19 11:29:02"
"https://www.f3properties.com/wp-content/uploads/2021/03/ravenpheasants-1024x683.jpg","image/jpeg","200","OK","Indexable","","","0","0","","0","0","","0","","0","","0","","0","","0","","","","","","","","","","209668","209668","209668","80.320","","0","","","","","0.000","2","4","","1","1","0","20.000","0","0","0","0","0","0","","","","","","0.344","Thu, 03 Nov 2022 18:19:16 GMT","","","","","1.1","","","","","","https://www.f3properties.com/wp-content/uploads/2021/03/ravenpheasants-1024x683.jpg","2026-05-19 11:29:02"
"https://www.f3properties.com/wp-content/uploads/2021/05/QuinnTana-SouthDaktoa.jpg","image/jpeg","200","OK","Indexable","","","0","0","","0","0","","0","","0","","0","","0","","0","","","","","","","","","","93246","93246","93246","35.721","","0","","","","","0.000","2","4","","1","1","0","20.000","0","0","0","0","0","0","","","","","","0.363","Thu, 03 Nov 2022 18:19:34 GMT","","","","","1.1","","","","","","https://www.f3properties.com/wp-content/uploads/2021/05/QuinnTana-SouthDaktoa.jpg","2026-05-19 11:29:02"
"https://www.f3properties.com/wp-content/uploads/2021/05/Mally.jpg","image/jpeg","200","OK","Indexable","","","0","0","","0","0","","0","","0","","0","","0","","0","","","","","","","","","","84606","84606","84606","32.411","","0","","","","","0.000","2","4","","1","1","0","20.000","0","0","0","0","0","0","","","","","","0.371","Thu, 03 Nov 2022 18:22:46 GMT","","","","","1.1","","","","","","https://www.f3properties.com/wp-content/uploads/2021/05/Mally.jpg","2026-05-19 11:29:03"
"https://www.f3properties.com/wp-content/uploads/2021/05/JR-Striped-Marlin.jpg","image/jpeg","200","OK","Indexable","","","0","0","","0","0","","0","","0","","0","","0","","0","","","","","","","","","","88810","88810","88810","34.021","","0","","","","","0.000","2","4","","1","1","0","20.000","0","0","0","0","0","0","","","","","","0.326","Thu, 03 Nov 2022 18:22:27 GMT","","","","","1.1","","","","","","https://www.f3properties.com/wp-content/uploads/2021/05/JR-Striped-Marlin.jpg","2026-05-19 11:29:03"
"https://www.f3properties.com/wp-content/uploads/2021/03/KittyBlues-1024x683.jpg","image/jpeg","200","OK","Indexable","","","0","0","","0","0","","0","","0","","0","","0","","0","","","","","","","","","","275007","275007","275007","105.350","","0","","","","","0.000","2","4","","1","1","0","20.000","0","0","0","0","0","0","","","","","","0.429","Thu, 03 Nov 2022 18:20:13 GMT","","","","","1.1","","","","","","https://www.f3properties.com/wp-content/uploads/2021/03/KittyBlues-1024x683.jpg","2026-05-19 11:29:03"
"https://www.f3properties.com/wp-content/plugins/bb-plugin/js/libs/jquery.mosaicflow.min.js?ver=2.10.2","application/javascript","200","OK","Indexable","","","0","0","","0","0","","0","","0","","0","","0","","0","","","","","","","","","","0","0","0","0.000","","0","","","","","0.000","2","5","","0","0","0","0.000","0","0","0","0","0","0","","","","","","0.289","Tue, 19 May 2026 03:13:11 GMT","","","","","1.1","","","","","","https://www.f3properties.com/wp-content/plugins/bb-plugin/js/libs/jquery.mosaicflow.min.js?ver=2.10.2","2026-05-19 11:29:03"
"https://www.f3properties.com/wp-content/uploads/2021/03/AshlynLady-150x150.jpg","image/jpeg","200","OK","Indexable","","","0","0","","0","0","","0","","0","","0","","0","","0","","","","","","","","","","20881","20881","20881","7.999","","0","","","","","0.000","2","4","","0","0","0","0.000","0","0","0","0","0","0","","","","","","0.370","Thu, 03 Nov 2022 18:23:06 GMT","","","","","1.1","","","","","","https://www.f3properties.com/wp-content/uploads/2021/03/AshlynLady-150x150.jpg","2026-05-19 11:29:03"
"https://www.f3properties.com/wp-content/uploads/2021/03/KittyOcean-150x150.jpg","image/jpeg","200","OK","Indexable","","","0","0","","0","0","","0","","0","","0","","0","","0","","","","","","","","","","13985","13985","13985","5.357","","0","","","","","0.000","2","4","","0","0","0","0.000","0","0","0","0","0","0","","","","","","0.302","Thu, 03 Nov 2022 18:21:51 GMT","","","","","1.1","","","","","","https://www.f3properties.com/wp-content/uploads/2021/03/KittyOcean-150x150.jpg","2026-05-19 11:29:03"
"https://www.f3properties.com/wp-content/uploads/2021/05/Quinn-HenrysLake.jpg","image/jpeg","200","OK","Indexable","","","0","0","","0","0","","0","","0","","0","","0","","0","","","","","","","","","","81995","81995","81995","31.411","","0","","","","","0.000","2","4","","1","1","0","20.000","0","0","0","0","0","0","","","","","","0.340","Thu, 03 Nov 2022 18:20:48 GMT","","","","","1.1","","","","","","https://www.f3properties.com/wp-content/uploads/2021/05/Quinn-HenrysLake.jpg","2026-05-19 11:29:03"
"https://www.f3properties.com/wp-content/uploads/2021/11/Raven-Bandana-150x150.jpg","image/jpeg","200","OK","Indexable","","","0","0","","0","0","","0","","0","","0","","0","","0","","","","","","","","","","6576","6576","6576","2.519","","0","","","","","0.000","2","4","","0","0","0","0.000","0","0","0","0","0","0","","","","","","0.271","Thu, 03 Nov 2022 18:22:16 GMT","","","","","1.1","","","","","","https://www.f3properties.com/wp-content/uploads/2021/11/Raven-Bandana-150x150.jpg","2026-05-19 11:29:03"
"https://www.f3properties.com/wp-content/uploads/2021/03/cash-150x150.jpg","image/jpeg","200","OK","Indexable","","","0","0","","0","0","","0","","0","","0","","0","","0","","","","","","","","","","18500","18500","18500","7.087","","0","","","","","0.000","2","4","","0","0","0","0.000","0","0","0","0","0","0","","","","","","0.383","Thu, 03 Nov 2022 18:20:39 GMT","","","","","1.1","","","","","","https://www.f3properties.com/wp-content/uploads/2021/03/cash-150x150.jpg","2026-05-19 11:29:03"
"https://www.f3properties.com/wp-content/uploads/2021/05/JR-Striped-Marlin-150x150.jpg","image/jpeg","200","OK","Indexable","","","0","0","","0","0","","0","","0","","0","","0","","0","","","","","","","","","","20897","20897","20897","8.005","","0","","","","","0.000","2","4","","0","0","0","0.000","0","0","0","0","0","0","","","","","","0.409","Thu, 03 Nov 2022 18:21:01 GMT","","","","","1.1","","","","","","https://www.f3properties.com/wp-content/uploads/2021/05/JR-Striped-Marlin-150x150.jpg","2026-05-19 11:29:03"
"https://www.f3properties.com/wp-content/uploads/2021/05/Grandma-150x150.jpg","image/jpeg","200","OK","Indexable","","","0","0","","0","0","","0","","0","","0","","0","","0","","","","","","","","","","16198","16198","16198","6.205","","0","","","","","0.000","2","4","","0","0","0","0.000","0","0","0","0","0","0","","","","","","0.391","Thu, 03 Nov 2022 18:22:30 GMT","","","","","1.1","","","","","","https://www.f3properties.com/wp-content/uploads/2021/05/Grandma-150x150.jpg","2026-05-19 11:29:03"
"https://www.f3properties.com/wp-content/uploads/2021/11/RavenAndHisBlankey-150x150.jpg","image/jpeg","200","OK","Indexable","","","0","0","","0","0","","0","","0","","0","","0","","0","","","","","","","","","","3756","3756","3756","1.439","","0","","","","","0.000","2","4","","0","0","0","0.000","0","0","0","0","0","0","","","","","","0.306","Thu, 03 Nov 2022 18:20:31 GMT","","","","","1.1","","","","","","https://www.f3properties.com/wp-content/uploads/2021/11/RavenAndHisBlankey-150x150.jpg","2026-05-19 11:29:04"
"https://www.f3properties.com/wp-content/plugins/bb-plugin/js/libs/jquery.imagesloaded.min.js?ver=2.10.2","application/javascript","200","OK","Indexable","","","0","0","","0","0","","0","","0","","0","","0","","0","","","","","","","","","","0","0","0","0.000","","0","","","","","0.000","2","5","","0","0","0","0.000","0","0","0","0","0","0","","","","","","0.308","Tue, 19 May 2026 03:13:11 GMT","","","","","1.1","","","","","","https://www.f3properties.com/wp-content/plugins/bb-plugin/js/libs/jquery.imagesloaded.min.js?ver=2.10.2","2026-05-19 11:29:04"
"https://www.f3properties.com/wp-content/uploads/bb-plugin/cache/250-layout.js?ver=892e4a312b3ad08b088188b308d54378","text/html; charset=UTF-8","404","Not Found","Non-Indexable","Client Error","","0","0","","0","0","","0","","0","","0","","0","","0","","","","","","","","","","0","0","0","0.000","","0","","","","","0.000","2","4","","0","0","0","0.000","0","0","0","0","0","0","","","","","","0.324","","","","","","1.1","","","","","","https://www.f3properties.com/wp-content/uploads/bb-plugin/cache/250-layout.js?ver=892e4a312b3ad08b088188b308d54378","2026-05-19 11:29:04"
"https://www.f3properties.com/wp-content/uploads/2021/03/cash-1024x683.jpg","image/jpeg","200","OK","Indexable","","","0","0","","0","0","","0","","0","","0","","0","","0","","","","","","","","","","103575","103575","103575","39.678","","0","","","","","0.000","2","4","","1","1","0","20.000","0","0","0","0","0","0","","","","","","0.427","Thu, 03 Nov 2022 18:20:31 GMT","","","","","1.1","","","","","","https://www.f3properties.com/wp-content/uploads/2021/03/cash-1024x683.jpg","2026-05-19 11:29:03"
"https://www.f3properties.com/wp-content/uploads/2021/05/Grandma.jpg","image/jpeg","200","OK","Indexable","","","0","0","","0","0","","0","","0","","0","","0","","0","","","","","","","","","","62920","62920","62920","24.103","","0","","","","","0.000","2","4","","1","1","0","20.000","0","0","0","0","0","0","","","","","","0.412","Thu, 03 Nov 2022 18:22:22 GMT","","","","","1.1","","","","","","https://www.f3properties.com/wp-content/uploads/2021/05/Grandma.jpg","2026-05-19 11:29:04"
"https://www.f3properties.com/wp-content/plugins/bb-plugin/js/libs/jquery.magnificpopup.min.js?ver=2.10.2","application/javascript","200","OK","Indexable","","","0","0","","0","0","","0","","0","","0","","0","","0","","","","","","","","","","0","0","0","0.000","","0","","","","","0.000","2","5","","0","0","0","0.000","0","0","0","0","0","0","","","","","","0.365","Tue, 19 May 2026 03:13:11 GMT","","","","","1.1","","","","","","https://www.f3properties.com/wp-content/plugins/bb-plugin/js/libs/jquery.magnificpopup.min.js?ver=2.10.2","2026-05-19 11:29:04"
"https://www.f3properties.com/wp-content/uploads/2021/05/GoJumpInaLake.jpg","image/jpeg","200","OK","Indexable","","","0","0","","0","0","","0","","0","","0","","0","","0","","","","","","","","","","75184","75184","75184","28.802","","0","","","","","0.000","2","4","","1","1","0","20.000","0","0","0","0","0","0","","","","","","0.373","Thu, 03 Nov 2022 18:21:41 GMT","","","","","1.1","","","","","","https://www.f3properties.com/wp-content/uploads/2021/05/GoJumpInaLake.jpg","2026-05-19 11:29:04"
"https://www.f3properties.com/wp-content/uploads/2021/03/kittyNfall-1024x683.jpg","image/jpeg","200","OK","Indexable","","","0","0","","0","0","","0","","0","","0","","0","","0","","","","","","","","","","91976","91976","91976","35.234","","0","","","","","0.000","2","4","","1","1","0","20.000","0","0","0","0","0","0","","","","","","0.416","Thu, 03 Nov 2022 18:20:34 GMT","","","","","1.1","","","","","","https://www.f3properties.com/wp-content/uploads/2021/03/kittyNfall-1024x683.jpg","2026-05-19 11:29:04"
"https://www.f3properties.com/wp-content/plugins/bb-plugin/js/libs/jquery.wookmark.min.js?ver=2.10.2","application/javascript","200","OK","Indexable","","","0","0","","0","0","","0","","0","","0","","0","","0","","","","","","","","","","0","0","0","0.000","","0","","","","","0.000","2","5","","0","0","0","0.000","0","0","0","0","0","0","","","","","","0.303","Tue, 19 May 2026 03:13:11 GMT","","","","","1.1","","","","","","https://www.f3properties.com/wp-content/plugins/bb-plugin/js/libs/jquery.wookmark.min.js?ver=2.10.2","2026-05-19 11:29:04"
"https://www.f3properties.com/wp-content/uploads/2021/03/KittyBlues-150x150.jpg","image/jpeg","200","OK","Indexable","","","0","0","","0","0","","0","","0","","0","","0","","0","","","","","","","","","","24663","24663","24663","9.448","","0","","","","","0.000","2","4","","0","0","0","0.000","0","0","0","0","0","0","","","","","","0.447","Thu, 03 Nov 2022 18:22:48 GMT","","","","","1.1","","","","","","https://www.f3properties.com/wp-content/uploads/2021/03/KittyBlues-150x150.jpg","2026-05-19 11:29:04"
"https://www.f3properties.com/wp-content/uploads/2021/03/ravenpheasants-150x150.jpg","image/jpeg","200","OK","Indexable","","","0","0","","0","0","","0","","0","","0","","0","","0","","","","","","","","","","24382","24382","24382","9.340","","0","","","","","0.000","2","4","","0","0","0","0.000","0","0","0","0","0","0","","","","","","0.400","Thu, 03 Nov 2022 18:21:48 GMT","","","","","1.1","","","","","","https://www.f3properties.com/wp-content/uploads/2021/03/ravenpheasants-150x150.jpg","2026-05-19 11:29:04"
"https://www.f3properties.com/wp-content/uploads/2021/03/kittyNfall-150x150.jpg","image/jpeg","200","OK","Indexable","","","0","0","","0","0","","0","","0","","0","","0","","0","","","","","","","","","","17367","17367","17367","6.653","","0","","","","","0.000","2","4","","0","0","0","0.000","0","0","0","0","0","0","","","","","","0.371","Thu, 03 Nov 2022 18:21:51 GMT","","","","","1.1","","","","","","https://www.f3properties.com/wp-content/uploads/2021/03/kittyNfall-150x150.jpg","2026-05-19 11:29:04"
"https://www.f3properties.com/wp-content/uploads/2021/05/GoJumpInaLake-150x150.jpg","image/jpeg","200","OK","Indexable","","","0","0","","0","0","","0","","0","","0","","0","","0","","","","","","","","","","16801","16801","16801","6.436","","0","","","","","0.000","2","4","","0","0","0","0.000","0","0","0","0","0","0","","","","","","0.459","Thu, 03 Nov 2022 18:19:15 GMT","","","","","1.1","","","","","","https://www.f3properties.com/wp-content/uploads/2021/05/GoJumpInaLake-150x150.jpg","2026-05-19 11:29:04"
"https://www.f3properties.com/wp-content/uploads/2021/05/Snackbar.jpg","image/jpeg","200","OK","Indexable","","","0","0","","0","0","","0","","0","","0","","0","","0","","","","","","","","","","55762","55762","55762","21.361","","0","","","","","0.000","2","4","","1","1","0","20.000","0","0","0","0","0","0","","","","","","0.412","Thu, 03 Nov 2022 18:19:20 GMT","","","","","1.1","","","","","","https://www.f3properties.com/wp-content/uploads/2021/05/Snackbar.jpg","2026-05-19 11:29:04"
"https://www.f3properties.com/wp-content/uploads/2021/03/AshlynLady-1024x683.jpg","image/jpeg","200","OK","Indexable","","","0","0","","0","0","","0","","0","","0","","0","","0","","","","","","","","","","160317","160317","160317","61.414","","0","","","","","0.000","2","4","","1","1","0","20.000","0","0","0","0","0","0","","","","","","0.383","Thu, 03 Nov 2022 18:21:01 GMT","","","","","1.1","","","","","","https://www.f3properties.com/wp-content/uploads/2021/03/AshlynLady-1024x683.jpg","2026-05-19 11:29:04"
"https://www.f3properties.com/wp-content/uploads/2021/05/QuinnTana-SouthDaktoa-150x150.jpg","image/jpeg","200","OK","Indexable","","","0","0","","0","0","","0","","0","","0","","0","","0","","","","","","","","","","22480","22480","22480","8.612","","0","","","","","0.000","2","4","","0","0","0","0.000","0","0","0","0","0","0","","","","","","0.418","Thu, 03 Nov 2022 18:22:46 GMT","","","","","1.1","","","","","","https://www.f3properties.com/wp-content/uploads/2021/05/QuinnTana-SouthDaktoa-150x150.jpg","2026-05-19 11:29:05"
"https://www.f3properties.com/wp-content/uploads/2021/05/Pot-of-Gold-150x150.jpg","image/jpeg","200","OK","Indexable","","","0","0","","0","0","","0","","0","","0","","0","","0","","","","","","","","","","17849","17849","17849","6.838","","0","","","","","0.000","2","4","","0","0","0","0.000","0","0","0","0","0","0","","","","","","0.415","Thu, 03 Nov 2022 18:19:52 GMT","","","","","1.1","","","","","","https://www.f3properties.com/wp-content/uploads/2021/05/Pot-of-Gold-150x150.jpg","2026-05-19 11:29:05"
"https://www.f3properties.com/wp-content/uploads/2021/11/RavenAndHisBlankey-1024x768.jpg","image/jpeg","200","OK","Indexable","","","0","0","","0","0","","0","","0","","0","","0","","0","","","","","","","","","","54704","54704","54704","20.956","","0","","","","","0.000","2","4","","1","1","0","20.000","0","0","0","0","0","0","","","","","","0.443","Thu, 03 Nov 2022 18:19:39 GMT","","","","","1.1","","","","","","https://www.f3properties.com/wp-content/uploads/2021/11/RavenAndHisBlankey-1024x768.jpg","2026-05-19 11:29:05"
"https://www.f3properties.com/wp-content/uploads/2021/03/JasonRoth_portriat.jpg","image/jpeg","200","OK","Indexable","","","0","0","","0","0","","0","","0","","0","","0","","0","","","","","","","","","","704583","704583","704583","269.912","","0","","","","","0.000","2","4","","0","0","0","0.000","0","0","0","0","0","0","","","","","","0.363","Thu, 03 Nov 2022 18:19:55 GMT","","","","","1.1","","","","","","https://www.f3properties.com/wp-content/uploads/2021/03/JasonRoth_portriat.jpg","2026-05-19 11:29:05"
"https://www.f3properties.com/wp-content/uploads/2021/05/Quinn-HenrysLake-150x150.jpg","image/jpeg","200","OK","Indexable","","","0","0","","0","0","","0","","0","","0","","0","","0","","","","","","","","","","19001","19001","19001","7.279","","0","","","","","0.000","2","4","","0","0","0","0.000","0","0","0","0","0","0","","","","","","0.433","Thu, 03 Nov 2022 18:22:30 GMT","","","","","1.1","","","","","","https://www.f3properties.com/wp-content/uploads/2021/05/Quinn-HenrysLake-150x150.jpg","2026-05-19 11:29:05"
"https://www.f3properties.com/wp-content/uploads/bb-plugin/cache/18-layout.css?ver=bdfb12bb179badb1192d1e62dc0a204e","text/css","200","OK","Indexable","","","0","0","","0","0","","0","","0","","0","","0","","0","","","","","","","","","","0","0","0","0.000","","0","","","","","0.000","2","4","","0","0","0","0.000","0","0","0","0","0","0","","","","","","0.371","Sat, 16 May 2026 05:10:39 GMT","","","","","1.1","","","","","","https://www.f3properties.com/wp-content/uploads/bb-plugin/cache/18-layout.css?ver=bdfb12bb179badb1192d1e62dc0a204e","2026-05-19 11:29:05"
"https://www.f3properties.com/wp-content/plugins/bb-plugin/js/libs/jquery.fitvids.min.js?ver=1.2","application/javascript","200","OK","Indexable","","","0","0","","0","0","","0","","0","","0","","0","","0","","","","","","","","","","0","0","0","0.000","","0","","","","","0.000","2","5","","0","0","0","0.000","0","0","0","0","0","0","","","","","","0.292","Tue, 19 May 2026 03:13:11 GMT","","","","","1.1","","","","","","https://www.f3properties.com/wp-content/plugins/bb-plugin/js/libs/jquery.fitvids.min.js?ver=1.2","2026-05-19 11:29:05"
"https://www.f3properties.com/wp-content/uploads/2021/05/Raven-PrayingQuote-scaled-1.jpg","image/jpeg","200","OK","Indexable","","","0","0","","0","0","","0","","0","","0","","0","","0","","","","","","","","","","777821","777821","777821","297.968","","0","","","","","0.000","2","4","","0","0","0","0.000","0","0","0","0","0","0","","","","","","0.413","Thu, 03 Nov 2022 18:19:34 GMT","","","","","1.1","","","","","","https://www.f3properties.com/wp-content/uploads/2021/05/Raven-PrayingQuote-scaled-1.jpg","2026-05-19 11:29:05"
"https://www.f3properties.com/wp-content/uploads/bb-plugin/cache/18-layout.js?ver=0e785a794391bca8f82a24a5cbbb928e","application/javascript","200","OK","Indexable","","","0","0","","0","0","","0","","0","","0","","0","","0","","","","","","","","","","0","0","0","0.000","","0","","","","","0.000","2","4","","0","0","0","0.000","0","0","0","0","0","0","","","","","","0.374","Sat, 16 May 2026 05:10:39 GMT","","","","","1.1","","","","","","https://www.f3properties.com/wp-content/uploads/bb-plugin/cache/18-layout.js?ver=0e785a794391bca8f82a24a5cbbb928e","2026-05-19 11:29:05"
"https://www.f3properties.com/wp-content/uploads/bb-plugin/cache/129-layout.css?ver=ef59d784135bfe5bce0d1f50504f3837","text/html; charset=UTF-8","404","Not Found","Non-Indexable","Client Error","","0","0","","0","0","","0","","0","","0","","0","","0","","","","","","","","","","0","0","0","0.000","","0","","","","","0.000","2","4","","0","0","0","0.000","0","0","0","0","0","0","","","","","","0.299","","","","","","1.1","","","","","","https://www.f3properties.com/wp-content/uploads/bb-plugin/cache/129-layout.css?ver=ef59d784135bfe5bce0d1f50504f3837","2026-05-19 11:29:05"
"https://www.f3properties.com/wp-content/uploads/bb-plugin/cache/129-layout.js?ver=2b6914f0ab692142076d37c2f7c4dddd","text/html; charset=UTF-8","404","Not Found","Non-Indexable","Client Error","","0","0","","0","0","","0","","0","","0","","0","","0","","","","","","","","","","0","0","0","0.000","","0","","","","","0.000","2","4","","0","0","0","0.000","0","0","0","0","0","0","","","","","","0.310","","","","","","1.1","","","","","","https://www.f3properties.com/wp-content/uploads/bb-plugin/cache/129-layout.js?ver=2b6914f0ab692142076d37c2f7c4dddd","2026-05-19 11:29:05"
"https://www.f3properties.com/wp-content/uploads/bb-plugin/icons/ultimate-icons/style.css?ver=2.10.2","text/css","200","OK","Indexable","","","0","0","","0","0","","0","","0","","0","","0","","0","","","","","","","","","","0","0","0","0.000","","0","","","","","0.000","2","5","","0","0","0","0.000","0","0","0","0","0","0","","","","","","0.326","Thu, 03 Nov 2022 18:20:26 GMT","","","","","1.1","","","","","","https://www.f3properties.com/wp-content/uploads/bb-plugin/icons/ultimate-icons/style.css?ver=2.10.2","2026-05-19 11:29:05"
"https://www.f3properties.com/wp-content/plugins/bb-plugin/js/libs/jquery.easing.min.js?ver=1.4","application/javascript","200","OK","Indexable","","","0","0","","0","0","","0","","0","","0","","0","","0","","","","","","","","","","0","0","0","0.000","","0","","","","","0.000","2","5","","0","0","0","0.000","0","0","0","0","0","0","","","","","","0.290","Tue, 19 May 2026 03:13:11 GMT","","","","","1.1","","","","","","https://www.f3properties.com/wp-content/plugins/bb-plugin/js/libs/jquery.easing.min.js?ver=1.4","2026-05-19 11:29:06"
"https://www.f3properties.com/wp-content/uploads/bb-plugin/cache/201sitingbull_NEW-landscape-f1beea95cf41397c17078dd13ee66ce1-6075e52370993.png","image/png","200","OK","Indexable","","","0","0","","0","0","","0","","0","","0","","0","","0","","","","","","","","","","5010529","5010529","5010529","1919.438","","0","","","","","0.000","2","4","","0","0","0","0.000","0","0","0","0","0","0","","","","","","0.352","Wed, 25 Sep 2024 15:30:31 GMT","","","","","1.1","","","","","","https://www.f3properties.com/wp-content/uploads/bb-plugin/cache/201sitingbull_NEW-landscape-f1beea95cf41397c17078dd13ee66ce1-6075e52370993.png","2026-05-19 11:29:06"
"https://www.f3properties.com/wp-content/uploads/2021/12/Lot-88-Project-Brief-Rev.-Dec.-2021.pdf","application/pdf","200","OK","Indexable","","","0","0","","0","0","","0","","0","","0","","0","","0","","","","","","","","","","90752","90752","90752","34.765","","0","","","","","0.000","2","4","","1","1","0","20.000","0","0","0","0","0","0","","","","","","0.380","Thu, 03 Nov 2022 18:21:04 GMT","","","","","1.1","","","","","","https://www.f3properties.com/wp-content/uploads/2021/12/Lot-88-Project-Brief-Rev.-Dec.-2021.pdf","2026-05-19 11:29:06"
"https://www.f3properties.com/wp-content/uploads/bb-plugin/cache/30_aug_VIEW3_detail-scaled-landscape-6b16e48468d50a20bbe27ac72f27a017-8sbzcrdqa0ft.jpg","image/jpeg","200","OK","Indexable","","","0","0","","0","0","","0","","0","","0","","0","","0","","","","","","","","","","1328271","1328271","1328271","508.835","","0","","","","","0.000","2","4","","0","0","0","0.000","0","0","0","0","0","0","","","","","","0.226","Wed, 25 Sep 2024 15:30:14 GMT","","","","","1.1","","","","","","https://www.f3properties.com/wp-content/uploads/bb-plugin/cache/30_aug_VIEW3_detail-scaled-landscape-6b16e48468d50a20bbe27ac72f27a017-8sbzcrdqa0ft.jpg","2026-05-19 11:29:06"
"https://www.f3properties.com/wp-content/plugins/bb-plugin/css/jquery.bxslider.css?ver=2.10.2","text/css","200","OK","Indexable","","","0","0","","0","0","","0","","0","","0","","0","","0","","","","","","","","","","0","0","0","0.000","","0","","","","","0.000","2","4","","0","0","0","0.000","0","0","0","0","0","0","","","","","","0.489","Tue, 19 May 2026 03:13:11 GMT","","","","","1.1","","","","","","https://www.f3properties.com/wp-content/plugins/bb-plugin/css/jquery.bxslider.css?ver=2.10.2","2026-05-19 11:29:06"
"https://www.f3properties.com/wp-content/uploads/2022/01/Roth-SVSourceAd-201-Sitting-Bull.pdf","application/pdf","200","OK","Indexable","","","0","0","","0","0","","0","","0","","0","","0","","0","","","","","","","","","","1235925","1235925","1235925","473.459","","0","","","","","0.000","2","4","","1","1","0","20.000","0","0","0","0","0","0","","","","","","0.462","Thu, 03 Nov 2022 18:21:20 GMT","","","","","1.1","","","","","","https://www.f3properties.com/wp-content/uploads/2022/01/Roth-SVSourceAd-201-Sitting-Bull.pdf","2026-05-19 11:29:05"
"https://www.f3properties.com/wp-content/uploads/2022/02/Lot-88-DRONE-SHOTS.jpg","image/jpeg","200","OK","Indexable","","","0","0","","0","0","","0","","0","","0","","0","","0","","","","","","","","","","302487","302487","302487","115.877","","0","","","","","0.000","2","4","","1","1","0","20.000","0","0","0","0","0","0","","","","","","0.657","Thu, 03 Nov 2022 18:21:13 GMT","","","","","1.1","","","","","","https://www.f3properties.com/wp-content/uploads/2022/02/Lot-88-DRONE-SHOTS.jpg","2026-05-19 11:29:07"
"https://www.f3properties.com/wp-content/uploads/bb-plugin/cache/GoldenEagle-sold-landscape-51daea85331dfb78e2dc48606bdb83a6-6075e0a72941a.jpg","image/jpeg","200","OK","Indexable","","","0","0","","0","0","","0","","0","","0","","0","","0","","","","","","","","","","333893","333893","333893","127.908","","0","","","","","0.000","2","4","","0","0","0","0.000","0","0","0","0","0","0","","","","","","0.659","Wed, 25 Sep 2024 15:30:31 GMT","","","","","1.1","","","","","","https://www.f3properties.com/wp-content/uploads/bb-plugin/cache/GoldenEagle-sold-landscape-51daea85331dfb78e2dc48606bdb83a6-6075e0a72941a.jpg","2026-05-19 11:29:07"
"https://www.f3properties.com/wp-content/uploads/2021/12/Lot-88-Updated-Floor-Plans-12-5-21.pdf","application/pdf","200","OK","Indexable","","","0","0","","0","0","","0","","0","","0","","0","","0","","","","","","","","","","3747989","3747989","3747989","1435.783","","0","","","","","0.000","2","4","","1","1","0","20.000","0","0","0","0","0","0","","","","","","0.485","Thu, 03 Nov 2022 18:19:51 GMT","","","","","1.1","","","","","","https://www.f3properties.com/wp-content/uploads/2021/12/Lot-88-Updated-Floor-Plans-12-5-21.pdf","2026-05-19 11:29:05"
"https://www.f3properties.com/wp-content/uploads/2022/01/WHJ-F3-201-Sitting-Bull-Winter-Ad.pdf","application/pdf","200","OK","Indexable","","","0","0","","0","0","","0","","0","","0","","0","","0","","","","","","","","","","154112","154112","154112","59.037","","0","","","","","0.000","2","4","","1","1","0","20.000","0","0","0","0","0","0","","","","","","0.145","Thu, 03 Nov 2022 18:20:17 GMT","","","","","1.1","","","","","","https://www.f3properties.com/wp-content/uploads/2022/01/WHJ-F3-201-Sitting-Bull-Winter-Ad.pdf","2026-05-19 11:29:07"
"https://www.f3properties.com/wp-content/plugins/bb-plugin/js/libs/jquery.bxslider.min.js?ver=2.10.2","application/javascript","200","OK","Indexable","","","0","0","","0","0","","0","","0","","0","","0","","0","","","","","","","","","","0","0","0","0.000","","0","","","","","0.000","2","5","","0","0","0","0.000","0","0","0","0","0","0","","","","","","0.428","Tue, 19 May 2026 03:13:11 GMT","","","","","1.1","","","","","","https://www.f3properties.com/wp-content/plugins/bb-plugin/js/libs/jquery.bxslider.min.js?ver=2.10.2","2026-05-19 11:29:07"
"https://www.f3properties.com/wp-content/uploads/bb-plugin/cache/Highcamp-sold-landscape-ba179cdcb7cdc551aa647b17b629d4bf-6075e0dc29cc4.jpg","image/jpeg","200","OK","Indexable","","","0","0","","0","0","","0","","0","","0","","0","","0","","","","","","","","","","282078","282078","282078","108.059","","0","","","","","0.000","2","4","","0","0","0","0.000","0","0","0","0","0","0","","","","","","0.206","Wed, 25 Sep 2024 15:30:31 GMT","","","","","1.1","","","","","","https://www.f3properties.com/wp-content/uploads/bb-plugin/cache/Highcamp-sold-landscape-ba179cdcb7cdc551aa647b17b629d4bf-6075e0dc29cc4.jpg","2026-05-19 11:29:08"
"https://www.f3properties.com/wp-content/uploads/2024/09/30_aug_24_finals-thumbs-scaled.jpg","image/jpeg","200","OK","Indexable","","","0","0","","0","0","","0","","0","","0","","0","","0","","","","","","","","","","712560","712560","712560","272.968","","0","","","","","0.000","2","4","","1","1","0","20.000","0","0","0","0","0","0","","","","","","0.440","Mon, 23 Sep 2024 19:47:15 GMT","","","","","1.1","","","","","","https://www.f3properties.com/wp-content/uploads/2024/09/30_aug_24_finals-thumbs-scaled.jpg","2026-05-19 11:29:08"
"https://www.f3properties.com/wp-content/uploads/bb-plugin/cache/Westcliff-sold-landscape-e0a936680dbd6da6e831b23adcb54db6-6075e007183ee.jpg","image/jpeg","200","OK","Indexable","","","0","0","","0","0","","0","","0","","0","","0","","0","","","","","","","","","","309164","309164","309164","118.435","","0","","","","","0.000","2","4","","0","0","0","0.000","0","0","0","0","0","0","","","","","","0.577","Wed, 25 Sep 2024 15:30:31 GMT","","","","","1.1","","","","","","https://www.f3properties.com/wp-content/uploads/bb-plugin/cache/Westcliff-sold-landscape-e0a936680dbd6da6e831b23adcb54db6-6075e007183ee.jpg","2026-05-19 11:29:08"
"https://www.f3properties.com/wp-content/uploads/2022/01/22_SV_Winter_F3-Properties-PROFILE-low-res-cover.pdf","application/pdf","200","OK","Indexable","","","0","0","","0","0","","0","","0","","0","","0","","0","","","","","","","","","","734331","734331","734331","281.308","","0","","","","","0.000","2","4","","1","1","0","20.000","0","0","0","0","0","0","","","","","","0.692","Thu, 03 Nov 2022 18:20:33 GMT","","","","","1.1","","","","","","https://www.f3properties.com/wp-content/uploads/2022/01/22_SV_Winter_F3-Properties-PROFILE-low-res-cover.pdf","2026-05-19 11:29:07"
"https://www.f3properties.com/wp-content/uploads/2024/09/41-Cooper-Renderings-Images-09-23-2024.pdf","application/pdf","200","OK","Indexable","","","0","0","","0","0","","0","","0","","0","","0","","0","","","","","","","","","","16133016","16133016","16133016","6180.252","","0","","","","","0.000","2","4","","1","1","0","20.000","0","0","0","0","0","0","","","","","","0.120","Mon, 23 Sep 2024 19:38:57 GMT","","","","","1.1","","","","","","https://www.f3properties.com/wp-content/uploads/2024/09/41-Cooper-Renderings-Images-09-23-2024.pdf","2026-05-19 11:29:07"
"https://www.f3properties.com/wp-content/uploads/2022/06/201-Sitting-Bull-Design-Book-Corrected-6-8-22.pdf","application/pdf","200","OK","Indexable","","F3 - Design Book 201 Sitting Bull","33","287","","0","0","","0","","0","","0","","0","","0","","","","","","","","","","7130735","7130735","7130735","2731.649","","0","","","","","0.000","2","4","","1","1","0","20.000","0","0","0","0","0","0","","","","","","0.801","Thu, 03 Nov 2022 18:19:20 GMT","","","","","1.1","","","","","","https://www.f3properties.com/wp-content/uploads/2022/06/201-Sitting-Bull-Design-Book-Corrected-6-8-22.pdf","2026-05-19 11:29:06"
