"Address","Content Type","Status Code","Status","Indexability","Indexability Status","Hash","Length","Canonical Link Element 1","URL Encoded Address"
"https://www.f3properties.com/","text/html; charset=UTF-8","200","OK","Indexable","","ab8661e5f526abbedc33e01941938af0","29","https://www.f3properties.com/","https://www.f3properties.com/"
"https://www.f3properties.com/wp-content/themes/astra/assets/js/minified/style.min.js?ver=4.13.1","application/javascript","200","OK","Indexable","","","95","","https://www.f3properties.com/wp-content/themes/astra/assets/js/minified/style.min.js?ver=4.13.1"
"https://www.f3properties.com/wp-content/themes/astra/assets/css/minified/style.min.css?ver=4.13.1","text/css","200","OK","Indexable","","","97","","https://www.f3properties.com/wp-content/themes/astra/assets/css/minified/style.min.css?ver=4.13.1"
"https://www.f3properties.com/wp-content/uploads/bb-plugin/cache/GoldenEagle-sold-landscape-51daea85331dfb78e2dc48606bdb83a6-60ae383c61960.jpg","image/jpeg","200","OK","Indexable","","","141","","https://www.f3properties.com/wp-content/uploads/bb-plugin/cache/GoldenEagle-sold-landscape-51daea85331dfb78e2dc48606bdb83a6-60ae383c61960.jpg"
"https://www.f3properties.com/wp-content/plugins/bb-plugin/fonts/fontawesome/5.15.4/css/all.min.css?ver=2.10.2","text/css","200","OK","Indexable","","","109","","https://www.f3properties.com/wp-content/plugins/bb-plugin/fonts/fontawesome/5.15.4/css/all.min.css?ver=2.10.2"
"https://www.f3properties.com/wp-content/uploads/bb-plugin/cache/30_aug_VIEW3_detail-scaled-landscape-6b16e48468d50a20bbe27ac72f27a017-f9g6py7kh5lc.jpg","image/jpeg","200","OK","Indexable","","","150","","https://www.f3properties.com/wp-content/uploads/bb-plugin/cache/30_aug_VIEW3_detail-scaled-landscape-6b16e48468d50a20bbe27ac72f27a017-f9g6py7kh5lc.jpg"
"https://www.f3properties.com/wp-content/uploads/2021/05/F3LogoFINALwTag_Reversed-270x63.png","image/png","200","OK","Indexable","","","91","","https://www.f3properties.com/wp-content/uploads/2021/05/F3LogoFINALwTag_Reversed-270x63.png"
"https://www.f3properties.com/wp-content/plugins/bb-plugin/fonts/fontawesome/5.15.4/css/v4-shims.min.css?ver=2.10.2","text/css","200","OK","Indexable","","","114","","https://www.f3properties.com/wp-content/plugins/bb-plugin/fonts/fontawesome/5.15.4/css/v4-shims.min.css?ver=2.10.2"
"https://www.f3properties.com/wp-content/uploads/astra-addon/astra-addon-69e1b055c63bc4-16850826.js?ver=4.13.1","text/html; charset=UTF-8","404","Not Found","Non-Indexable","Client Error","","109","","https://www.f3properties.com/wp-content/uploads/astra-addon/astra-addon-69e1b055c63bc4-16850826.js?ver=4.13.1"
"https://www.f3properties.com/projects/","text/html; charset=UTF-8","200","OK","Indexable","","14d9c726e6ed656e5220b0b997668ff1","38","https://www.f3properties.com/projects/","https://www.f3properties.com/projects/"
"https://www.f3properties.com/wp-content/uploads/bb-plugin/cache/Sold-Indian-Creek-e1699032423882-landscape-33bcb586805e8196b52f3259de547b37-6075e01d33cb4.png","image/png","200","OK","Indexable","","","157","","https://www.f3properties.com/wp-content/uploads/bb-plugin/cache/Sold-Indian-Creek-e1699032423882-landscape-33bcb586805e8196b52f3259de547b37-6075e01d33cb4.png"
"https://www.f3properties.com/wp-content/themes/astra/assets/css/minified/compatibility/page-builder/bb-plugin.min.css?ver=4.13.1","text/css","200","OK","Indexable","","","128","","https://www.f3properties.com/wp-content/themes/astra/assets/css/minified/compatibility/page-builder/bb-plugin.min.css?ver=4.13.1"
"https://www.f3properties.com/wp-content/uploads/astra-addon/astra-addon-69e1b055c57799-53219066.css?ver=4.13.1","text/html; charset=UTF-8","404","Not Found","Non-Indexable","Client Error","","110","","https://www.f3properties.com/wp-content/uploads/astra-addon/astra-addon-69e1b055c57799-53219066.css?ver=4.13.1"
"https://www.f3properties.com/wp-content/uploads/bb-plugin/cache/Westcliff-sold-landscape-e0a936680dbd6da6e831b23adcb54db6-6064723d34309.jpg","image/jpeg","200","OK","Indexable","","","139","","https://www.f3properties.com/wp-content/uploads/bb-plugin/cache/Westcliff-sold-landscape-e0a936680dbd6da6e831b23adcb54db6-6064723d34309.jpg"
"https://www.f3properties.com/wp-content/plugins/astra-addon/assets/js/minified/purify.min.js?ver=4.13.1","application/javascript","200","OK","Indexable","","","103","","https://www.f3properties.com/wp-content/plugins/astra-addon/assets/js/minified/purify.min.js?ver=4.13.1"
"https://www.f3properties.com/contact/","text/html; charset=UTF-8","200","OK","Indexable","","a1327e67fc260d102679ab15a1d4749e","37","https://www.f3properties.com/contact/","https://www.f3properties.com/contact/"
"https://www.f3properties.com/wp-content/uploads/bb-plugin/cache/Highcamp-sold-landscape-ba179cdcb7cdc551aa647b17b629d4bf-6075df281f86f.jpg","image/jpeg","200","OK","Indexable","","","138","","https://www.f3properties.com/wp-content/uploads/bb-plugin/cache/Highcamp-sold-landscape-ba179cdcb7cdc551aa647b17b629d4bf-6075df281f86f.jpg"
"https://www.f3properties.com/wp-content/uploads/bb-plugin/cache/128-layout.css?ver=916bea4629fa8ab2f95d428093e2d515","text/css","200","OK","Indexable","","","115","","https://www.f3properties.com/wp-content/uploads/bb-plugin/cache/128-layout.css?ver=916bea4629fa8ab2f95d428093e2d515"
"https://www.f3properties.com/history/","text/html; charset=UTF-8","200","OK","Indexable","","2ffae5514d5aa174ae8cdfa0870a7a6e","37","https://www.f3properties.com/history/","https://www.f3properties.com/history/"
"https://www.f3properties.com/wp-includes/js/jquery/jquery-migrate.min.js?ver=3.4.1","application/javascript","200","OK","Indexable","","","82","","https://www.f3properties.com/wp-includes/js/jquery/jquery-migrate.min.js?ver=3.4.1"
"https://www.f3properties.com/about/","text/html; charset=UTF-8","200","OK","Indexable","","e16803fb325bcb951dfa5c14ac01f112","35","https://www.f3properties.com/about/","https://www.f3properties.com/about/"
"https://www.f3properties.com/wp-includes/js/jquery/jquery.min.js?ver=3.7.1","application/javascript","200","OK","Indexable","","","74","","https://www.f3properties.com/wp-includes/js/jquery/jquery.min.js?ver=3.7.1"
"https://www.f3properties.com/wp-content/uploads/bb-plugin/cache/128-layout.js?ver=8fcc60e3585ec37608f88f953775a3fe","application/javascript","200","OK","Indexable","","","114","","https://www.f3properties.com/wp-content/uploads/bb-plugin/cache/128-layout.js?ver=8fcc60e3585ec37608f88f953775a3fe"
"https://www.f3properties.com/wp-content/uploads/2021/03/Memorial-150x150.jpg","image/jpeg","200","OK","Indexable","","","76","","https://www.f3properties.com/wp-content/uploads/2021/03/Memorial-150x150.jpg"
"https://www.f3properties.com/wp-content/uploads/bb-plugin/cache/238-layout.js?ver=c1a4ce84dfde456457a8c677e0273769","text/html; charset=UTF-8","404","Not Found","Non-Indexable","Client Error","","114","","https://www.f3properties.com/wp-content/uploads/bb-plugin/cache/238-layout.js?ver=c1a4ce84dfde456457a8c677e0273769"
"https://www.f3properties.com/wp-content/uploads/bb-plugin/cache/238-layout.css?ver=e7d7d702778912e400cff50f50e06c4c","text/html; charset=UTF-8","404","Not Found","Non-Indexable","Client Error","","115","","https://www.f3properties.com/wp-content/uploads/bb-plugin/cache/238-layout.css?ver=e7d7d702778912e400cff50f50e06c4c"
"https://www.f3properties.com/wp-content/uploads/bb-plugin/cache/250-layout.css?ver=1071a55a3e1659f9465ed93e1d6b4b30","text/html; charset=UTF-8","404","Not Found","Non-Indexable","Client Error","","115","","https://www.f3properties.com/wp-content/uploads/bb-plugin/cache/250-layout.css?ver=1071a55a3e1659f9465ed93e1d6b4b30"
"https://www.f3properties.com/wp-content/plugins/bb-plugin/css/jquery.magnificpopup.min.css?ver=2.10.2","text/css","200","OK","Indexable","","","101","","https://www.f3properties.com/wp-content/plugins/bb-plugin/css/jquery.magnificpopup.min.css?ver=2.10.2"
"https://www.f3properties.com/wp-content/uploads/2021/11/Raven-Bandana-735x1024.jpg","image/jpeg","200","OK","Indexable","","","82","","https://www.f3properties.com/wp-content/uploads/2021/11/Raven-Bandana-735x1024.jpg"
"https://www.f3properties.com/wp-content/uploads/bb-plugin/cache/JasonRoth_portriat-portrait-811b01acc70329134695b4be067e600e-60a692a15f1d9.jpg","image/jpeg","200","OK","Indexable","","","142","","https://www.f3properties.com/wp-content/uploads/bb-plugin/cache/JasonRoth_portriat-portrait-811b01acc70329134695b4be067e600e-60a692a15f1d9.jpg"
"https://www.f3properties.com/wp-content/uploads/2021/03/Memorial-1024x683.jpg","image/jpeg","200","OK","Indexable","","","77","","https://www.f3properties.com/wp-content/uploads/2021/03/Memorial-1024x683.jpg"
"https://www.f3properties.com/wp-content/uploads/2021/03/Tana_LastHunt-1024x683.jpg","image/jpeg","200","OK","Indexable","","","82","","https://www.f3properties.com/wp-content/uploads/2021/03/Tana_LastHunt-1024x683.jpg"
"https://www.f3properties.com/wp-content/uploads/2021/03/Tana_LastHunt-150x150.jpg","image/jpeg","200","OK","Indexable","","","81","","https://www.f3properties.com/wp-content/uploads/2021/03/Tana_LastHunt-150x150.jpg"
"https://www.f3properties.com/wp-content/uploads/2021/05/Mally-150x150.jpg","image/jpeg","200","OK","Indexable","","","73","","https://www.f3properties.com/wp-content/uploads/2021/05/Mally-150x150.jpg"
"https://www.f3properties.com/wp-content/uploads/2021/05/Snackbar-150x150.jpg","image/jpeg","200","OK","Indexable","","","76","","https://www.f3properties.com/wp-content/uploads/2021/05/Snackbar-150x150.jpg"
"https://www.f3properties.com/wp-content/uploads/2021/03/KittyOcean-1024x683.jpg","image/jpeg","200","OK","Indexable","","","79","","https://www.f3properties.com/wp-content/uploads/2021/03/KittyOcean-1024x683.jpg"
"https://www.f3properties.com/wp-content/uploads/2021/05/Pot-of-Gold.jpg","image/jpeg","200","OK","Indexable","","","71","","https://www.f3properties.com/wp-content/uploads/2021/05/Pot-of-Gold.jpg"
"https://www.f3properties.com/wp-content/uploads/2021/03/ravenpheasants-1024x683.jpg","image/jpeg","200","OK","Indexable","","","83","","https://www.f3properties.com/wp-content/uploads/2021/03/ravenpheasants-1024x683.jpg"
"https://www.f3properties.com/wp-content/uploads/2021/05/QuinnTana-SouthDaktoa.jpg","image/jpeg","200","OK","Indexable","","","81","","https://www.f3properties.com/wp-content/uploads/2021/05/QuinnTana-SouthDaktoa.jpg"
"https://www.f3properties.com/wp-content/uploads/2021/05/Mally.jpg","image/jpeg","200","OK","Indexable","","","65","","https://www.f3properties.com/wp-content/uploads/2021/05/Mally.jpg"
"https://www.f3properties.com/wp-content/uploads/2021/05/JR-Striped-Marlin.jpg","image/jpeg","200","OK","Indexable","","","77","","https://www.f3properties.com/wp-content/uploads/2021/05/JR-Striped-Marlin.jpg"
"https://www.f3properties.com/wp-content/uploads/2021/03/KittyBlues-1024x683.jpg","image/jpeg","200","OK","Indexable","","","79","","https://www.f3properties.com/wp-content/uploads/2021/03/KittyBlues-1024x683.jpg"
"https://www.f3properties.com/wp-content/plugins/bb-plugin/js/libs/jquery.mosaicflow.min.js?ver=2.10.2","application/javascript","200","OK","Indexable","","","101","","https://www.f3properties.com/wp-content/plugins/bb-plugin/js/libs/jquery.mosaicflow.min.js?ver=2.10.2"
"https://www.f3properties.com/wp-content/uploads/2021/03/AshlynLady-150x150.jpg","image/jpeg","200","OK","Indexable","","","78","","https://www.f3properties.com/wp-content/uploads/2021/03/AshlynLady-150x150.jpg"
"https://www.f3properties.com/wp-content/uploads/2021/03/KittyOcean-150x150.jpg","image/jpeg","200","OK","Indexable","","","78","","https://www.f3properties.com/wp-content/uploads/2021/03/KittyOcean-150x150.jpg"
"https://www.f3properties.com/wp-content/uploads/2021/05/Quinn-HenrysLake.jpg","image/jpeg","200","OK","Indexable","","","76","","https://www.f3properties.com/wp-content/uploads/2021/05/Quinn-HenrysLake.jpg"
"https://www.f3properties.com/wp-content/uploads/2021/11/Raven-Bandana-150x150.jpg","image/jpeg","200","OK","Indexable","","","81","","https://www.f3properties.com/wp-content/uploads/2021/11/Raven-Bandana-150x150.jpg"
"https://www.f3properties.com/wp-content/uploads/2021/03/cash-150x150.jpg","image/jpeg","200","OK","Indexable","","","72","","https://www.f3properties.com/wp-content/uploads/2021/03/cash-150x150.jpg"
"https://www.f3properties.com/wp-content/uploads/2021/05/JR-Striped-Marlin-150x150.jpg","image/jpeg","200","OK","Indexable","","","85","","https://www.f3properties.com/wp-content/uploads/2021/05/JR-Striped-Marlin-150x150.jpg"
"https://www.f3properties.com/wp-content/uploads/2021/05/Grandma-150x150.jpg","image/jpeg","200","OK","Indexable","","","75","","https://www.f3properties.com/wp-content/uploads/2021/05/Grandma-150x150.jpg"
"https://www.f3properties.com/wp-content/uploads/2021/11/RavenAndHisBlankey-150x150.jpg","image/jpeg","200","OK","Indexable","","","86","","https://www.f3properties.com/wp-content/uploads/2021/11/RavenAndHisBlankey-150x150.jpg"
"https://www.f3properties.com/wp-content/plugins/bb-plugin/js/libs/jquery.imagesloaded.min.js?ver=2.10.2","application/javascript","200","OK","Indexable","","","103","","https://www.f3properties.com/wp-content/plugins/bb-plugin/js/libs/jquery.imagesloaded.min.js?ver=2.10.2"
"https://www.f3properties.com/wp-content/uploads/bb-plugin/cache/250-layout.js?ver=892e4a312b3ad08b088188b308d54378","text/html; charset=UTF-8","404","Not Found","Non-Indexable","Client Error","","114","","https://www.f3properties.com/wp-content/uploads/bb-plugin/cache/250-layout.js?ver=892e4a312b3ad08b088188b308d54378"
"https://www.f3properties.com/wp-content/uploads/2021/03/cash-1024x683.jpg","image/jpeg","200","OK","Indexable","","","73","","https://www.f3properties.com/wp-content/uploads/2021/03/cash-1024x683.jpg"
"https://www.f3properties.com/wp-content/uploads/2021/05/Grandma.jpg","image/jpeg","200","OK","Indexable","","","67","","https://www.f3properties.com/wp-content/uploads/2021/05/Grandma.jpg"
"https://www.f3properties.com/wp-content/plugins/bb-plugin/js/libs/jquery.magnificpopup.min.js?ver=2.10.2","application/javascript","200","OK","Indexable","","","104","","https://www.f3properties.com/wp-content/plugins/bb-plugin/js/libs/jquery.magnificpopup.min.js?ver=2.10.2"
"https://www.f3properties.com/wp-content/uploads/2021/05/GoJumpInaLake.jpg","image/jpeg","200","OK","Indexable","","","73","","https://www.f3properties.com/wp-content/uploads/2021/05/GoJumpInaLake.jpg"
"https://www.f3properties.com/wp-content/uploads/2021/03/kittyNfall-1024x683.jpg","image/jpeg","200","OK","Indexable","","","79","","https://www.f3properties.com/wp-content/uploads/2021/03/kittyNfall-1024x683.jpg"
"https://www.f3properties.com/wp-content/plugins/bb-plugin/js/libs/jquery.wookmark.min.js?ver=2.10.2","application/javascript","200","OK","Indexable","","","99","","https://www.f3properties.com/wp-content/plugins/bb-plugin/js/libs/jquery.wookmark.min.js?ver=2.10.2"
"https://www.f3properties.com/wp-content/uploads/2021/03/KittyBlues-150x150.jpg","image/jpeg","200","OK","Indexable","","","78","","https://www.f3properties.com/wp-content/uploads/2021/03/KittyBlues-150x150.jpg"
"https://www.f3properties.com/wp-content/uploads/2021/03/ravenpheasants-150x150.jpg","image/jpeg","200","OK","Indexable","","","82","","https://www.f3properties.com/wp-content/uploads/2021/03/ravenpheasants-150x150.jpg"
"https://www.f3properties.com/wp-content/uploads/2021/03/kittyNfall-150x150.jpg","image/jpeg","200","OK","Indexable","","","78","","https://www.f3properties.com/wp-content/uploads/2021/03/kittyNfall-150x150.jpg"
"https://www.f3properties.com/wp-content/uploads/2021/05/GoJumpInaLake-150x150.jpg","image/jpeg","200","OK","Indexable","","","81","","https://www.f3properties.com/wp-content/uploads/2021/05/GoJumpInaLake-150x150.jpg"
"https://www.f3properties.com/wp-content/uploads/2021/05/Snackbar.jpg","image/jpeg","200","OK","Indexable","","","68","","https://www.f3properties.com/wp-content/uploads/2021/05/Snackbar.jpg"
"https://www.f3properties.com/wp-content/uploads/2021/03/AshlynLady-1024x683.jpg","image/jpeg","200","OK","Indexable","","","79","","https://www.f3properties.com/wp-content/uploads/2021/03/AshlynLady-1024x683.jpg"
"https://www.f3properties.com/wp-content/uploads/2021/05/QuinnTana-SouthDaktoa-150x150.jpg","image/jpeg","200","OK","Indexable","","","89","","https://www.f3properties.com/wp-content/uploads/2021/05/QuinnTana-SouthDaktoa-150x150.jpg"
"https://www.f3properties.com/wp-content/uploads/2021/05/Pot-of-Gold-150x150.jpg","image/jpeg","200","OK","Indexable","","","79","","https://www.f3properties.com/wp-content/uploads/2021/05/Pot-of-Gold-150x150.jpg"
"https://www.f3properties.com/wp-content/uploads/2021/11/RavenAndHisBlankey-1024x768.jpg","image/jpeg","200","OK","Indexable","","","87","","https://www.f3properties.com/wp-content/uploads/2021/11/RavenAndHisBlankey-1024x768.jpg"
"https://www.f3properties.com/wp-content/uploads/2021/03/JasonRoth_portriat.jpg","image/jpeg","200","OK","Indexable","","","78","","https://www.f3properties.com/wp-content/uploads/2021/03/JasonRoth_portriat.jpg"
"https://www.f3properties.com/wp-content/uploads/2021/05/Quinn-HenrysLake-150x150.jpg","image/jpeg","200","OK","Indexable","","","84","","https://www.f3properties.com/wp-content/uploads/2021/05/Quinn-HenrysLake-150x150.jpg"
"https://www.f3properties.com/wp-content/uploads/bb-plugin/cache/18-layout.css?ver=bdfb12bb179badb1192d1e62dc0a204e","text/css","200","OK","Indexable","","","114","","https://www.f3properties.com/wp-content/uploads/bb-plugin/cache/18-layout.css?ver=bdfb12bb179badb1192d1e62dc0a204e"
"https://www.f3properties.com/wp-content/plugins/bb-plugin/js/libs/jquery.fitvids.min.js?ver=1.2","application/javascript","200","OK","Indexable","","","95","","https://www.f3properties.com/wp-content/plugins/bb-plugin/js/libs/jquery.fitvids.min.js?ver=1.2"
"https://www.f3properties.com/wp-content/uploads/2021/05/Raven-PrayingQuote-scaled-1.jpg","image/jpeg","200","OK","Indexable","","","87","","https://www.f3properties.com/wp-content/uploads/2021/05/Raven-PrayingQuote-scaled-1.jpg"
"https://www.f3properties.com/wp-content/uploads/bb-plugin/cache/18-layout.js?ver=0e785a794391bca8f82a24a5cbbb928e","application/javascript","200","OK","Indexable","","","113","","https://www.f3properties.com/wp-content/uploads/bb-plugin/cache/18-layout.js?ver=0e785a794391bca8f82a24a5cbbb928e"
"https://www.f3properties.com/wp-content/uploads/bb-plugin/cache/129-layout.css?ver=ef59d784135bfe5bce0d1f50504f3837","text/html; charset=UTF-8","404","Not Found","Non-Indexable","Client Error","","115","","https://www.f3properties.com/wp-content/uploads/bb-plugin/cache/129-layout.css?ver=ef59d784135bfe5bce0d1f50504f3837"
"https://www.f3properties.com/wp-content/uploads/bb-plugin/cache/129-layout.js?ver=2b6914f0ab692142076d37c2f7c4dddd","text/html; charset=UTF-8","404","Not Found","Non-Indexable","Client Error","","114","","https://www.f3properties.com/wp-content/uploads/bb-plugin/cache/129-layout.js?ver=2b6914f0ab692142076d37c2f7c4dddd"
"https://www.f3properties.com/wp-content/uploads/bb-plugin/icons/ultimate-icons/style.css?ver=2.10.2","text/css","200","OK","Indexable","","","99","","https://www.f3properties.com/wp-content/uploads/bb-plugin/icons/ultimate-icons/style.css?ver=2.10.2"
"https://www.f3properties.com/wp-content/plugins/bb-plugin/js/libs/jquery.easing.min.js?ver=1.4","application/javascript","200","OK","Indexable","","","94","","https://www.f3properties.com/wp-content/plugins/bb-plugin/js/libs/jquery.easing.min.js?ver=1.4"
"https://www.f3properties.com/wp-content/uploads/bb-plugin/cache/201sitingbull_NEW-landscape-f1beea95cf41397c17078dd13ee66ce1-6075e52370993.png","image/png","200","OK","Indexable","","","142","","https://www.f3properties.com/wp-content/uploads/bb-plugin/cache/201sitingbull_NEW-landscape-f1beea95cf41397c17078dd13ee66ce1-6075e52370993.png"
"https://www.f3properties.com/wp-content/uploads/2021/12/Lot-88-Project-Brief-Rev.-Dec.-2021.pdf","application/pdf","200","OK","Indexable","","","95","","https://www.f3properties.com/wp-content/uploads/2021/12/Lot-88-Project-Brief-Rev.-Dec.-2021.pdf"
"https://www.f3properties.com/wp-content/uploads/bb-plugin/cache/30_aug_VIEW3_detail-scaled-landscape-6b16e48468d50a20bbe27ac72f27a017-8sbzcrdqa0ft.jpg","image/jpeg","200","OK","Indexable","","","150","","https://www.f3properties.com/wp-content/uploads/bb-plugin/cache/30_aug_VIEW3_detail-scaled-landscape-6b16e48468d50a20bbe27ac72f27a017-8sbzcrdqa0ft.jpg"
"https://www.f3properties.com/wp-content/plugins/bb-plugin/css/jquery.bxslider.css?ver=2.10.2","text/css","200","OK","Indexable","","","92","","https://www.f3properties.com/wp-content/plugins/bb-plugin/css/jquery.bxslider.css?ver=2.10.2"
"https://www.f3properties.com/wp-content/uploads/2022/01/Roth-SVSourceAd-201-Sitting-Bull.pdf","application/pdf","200","OK","Indexable","","","92","","https://www.f3properties.com/wp-content/uploads/2022/01/Roth-SVSourceAd-201-Sitting-Bull.pdf"
"https://www.f3properties.com/wp-content/uploads/2022/02/Lot-88-DRONE-SHOTS.jpg","image/jpeg","200","OK","Indexable","","","78","","https://www.f3properties.com/wp-content/uploads/2022/02/Lot-88-DRONE-SHOTS.jpg"
"https://www.f3properties.com/wp-content/uploads/bb-plugin/cache/GoldenEagle-sold-landscape-51daea85331dfb78e2dc48606bdb83a6-6075e0a72941a.jpg","image/jpeg","200","OK","Indexable","","","141","","https://www.f3properties.com/wp-content/uploads/bb-plugin/cache/GoldenEagle-sold-landscape-51daea85331dfb78e2dc48606bdb83a6-6075e0a72941a.jpg"
"https://www.f3properties.com/wp-content/uploads/2021/12/Lot-88-Updated-Floor-Plans-12-5-21.pdf","application/pdf","200","OK","Indexable","","","94","","https://www.f3properties.com/wp-content/uploads/2021/12/Lot-88-Updated-Floor-Plans-12-5-21.pdf"
"https://www.f3properties.com/wp-content/uploads/2022/01/WHJ-F3-201-Sitting-Bull-Winter-Ad.pdf","application/pdf","200","OK","Indexable","","","93","","https://www.f3properties.com/wp-content/uploads/2022/01/WHJ-F3-201-Sitting-Bull-Winter-Ad.pdf"
"https://www.f3properties.com/wp-content/plugins/bb-plugin/js/libs/jquery.bxslider.min.js?ver=2.10.2","application/javascript","200","OK","Indexable","","","99","","https://www.f3properties.com/wp-content/plugins/bb-plugin/js/libs/jquery.bxslider.min.js?ver=2.10.2"
"https://www.f3properties.com/wp-content/uploads/bb-plugin/cache/Highcamp-sold-landscape-ba179cdcb7cdc551aa647b17b629d4bf-6075e0dc29cc4.jpg","image/jpeg","200","OK","Indexable","","","138","","https://www.f3properties.com/wp-content/uploads/bb-plugin/cache/Highcamp-sold-landscape-ba179cdcb7cdc551aa647b17b629d4bf-6075e0dc29cc4.jpg"
"https://www.f3properties.com/wp-content/uploads/2024/09/30_aug_24_finals-thumbs-scaled.jpg","image/jpeg","200","OK","Indexable","","","90","","https://www.f3properties.com/wp-content/uploads/2024/09/30_aug_24_finals-thumbs-scaled.jpg"
"https://www.f3properties.com/wp-content/uploads/bb-plugin/cache/Westcliff-sold-landscape-e0a936680dbd6da6e831b23adcb54db6-6075e007183ee.jpg","image/jpeg","200","OK","Indexable","","","139","","https://www.f3properties.com/wp-content/uploads/bb-plugin/cache/Westcliff-sold-landscape-e0a936680dbd6da6e831b23adcb54db6-6075e007183ee.jpg"
"https://www.f3properties.com/wp-content/uploads/2022/01/22_SV_Winter_F3-Properties-PROFILE-low-res-cover.pdf","application/pdf","200","OK","Indexable","","","108","","https://www.f3properties.com/wp-content/uploads/2022/01/22_SV_Winter_F3-Properties-PROFILE-low-res-cover.pdf"
"https://www.f3properties.com/wp-content/uploads/2024/09/41-Cooper-Renderings-Images-09-23-2024.pdf","application/pdf","200","OK","Indexable","","","98","","https://www.f3properties.com/wp-content/uploads/2024/09/41-Cooper-Renderings-Images-09-23-2024.pdf"
"https://www.f3properties.com/wp-content/uploads/2022/06/201-Sitting-Bull-Design-Book-Corrected-6-8-22.pdf","application/pdf","200","OK","Indexable","","","105","","https://www.f3properties.com/wp-content/uploads/2022/06/201-Sitting-Bull-Design-Book-Corrected-6-8-22.pdf"
